id,decision_summary,cluster,historical_intent,historical_status,original_problem,assumptions,observed_state,current_evidence,existing_coverage,first_pass_observation,inference,recommendation,disposition,target_artifact,confidence,kayden_required,decision_status,source_ids,source_files,first_pass_disposition,first_pass_target
R001,The Workbench is a perpetual handoff,Continuity & handoff,"A fresh capable agent should reconstruct the current objective, settled decisions, relevant knowledge, achieved work and next action from maintained project owners, without the owner rebuilding the conversation for it.",Accepted,Continuity is the product promise; a collection of control files is only its implementation.,Historical local-only/checkpoint rules are narrowed by N/Q. Multiple notes are allowed; unsaved state and unpushed code are outside a confirmed saved-note recovery claim.,Controls select objective-scoped JSON notes and durable-owner reconciliation. S-046 runtime remains pending and S-048 remains planned. The cold-resume fixture passed its no-resumer rejection; no real host resume was run.,BLUEPRINT.md; LEXICON.md; workbench/docs/adr/0040-json-notepads-preserve-objective-continuity.md; workbench/specs/S-046-json-notepad-foundation/SPEC.md; workbench/specs/S-048-checkpoint-retirement/SPEC.md; workbench/sessions/.gitignore,WB-0035 WB-0040,No ADR states fresh-agent recovery as the acceptance boundary; 0035/0040 imply it. S-046 Outcome restates it as a spec goal only.,"The smallest useful current treatment is the named target. This is a review recommendation, not newly accepted architecture.",Fresh-agent continuity applies to the whole Workbench. ADR-0040 covers unfinished local context; it must not become the sole owner of the product promise.,KEEP - ADR,CAND-A,High,False,Accepted (historical source status),G-6a9b3084; G-6a9cff88,evidence/g-6a9b3084.md; evidence/g-6a9cff88.md,KEEP - ADR,CAND-A
R002,Complete the assigned outcome autonomously,Authority & governance planes,Investigate facts and make supported implementation decisions within assigned work. Do not invent the next task or enlarge the assignment.,Accepted,"Autonomy was requested inside a real task, with an explicit limit on self-generated work.",Historical mechanism and source scope must still apply; current coverage is not proof of complete runtime behavior.,"Current controls separate authority and state resolution; ADRs own rationale and cannot enlarge scope. This is verified prose, not proof every agent obeys.",AGENTS.md; LEXICON.md; workbench/docs/adr/0027-instruction-authority-is-separate-from-state-resolution.md; workbench/docs/adr/0023-mechanical-guarantees-and-agent-obligations.md,WB-0035,ADR-0035 + AGENTS 'Assigned Work And Stances' carry execution autonomy and the no-self-tasking limit verbatim.,The historical concern has a current owner; no extra artifact follows merely from an ADR gap.,"Retain the prior disposition, bounded by the original proposition and current evidence. ADR-0035 + AGENTS 'Assigned Work And Stances' carry execution autonomy and the no-self-tasking limit verbatim.",ALREADY COVERED,ADR-0035,High,False,Accepted (historical source status),WB-0035; B-BOUNDARIES,evidence/wb-0035.md; evidence/b-boundaries.md,ALREADY COVERED,ADR-0035
R003,Every imposed step must help delivery,Delivery without governance tax,"A mandatory step must provide immediate delivery value, a checkable decision or artifact, or actual risk reduction. Uncertain-value practices remain optional for review.",Accepted,The Foundry repeatedly made procedural completion its own deliverable.,Historical mechanism and source scope must still apply; current coverage is not proof of complete runtime behavior.,Doctor ran successfully with zero blockers and 33 informational findings. Registered blocking effects remain distinct from severity; delivery rules are normative.,AGENTS.md; workbench/tools/diagnostics.mjs; workbench/tools/spec-workbench.mjs,WB-0034,"ADR-0034 accepted and canonicalized_in AGENTS.md, BLUEPRINT.md.",The historical concern has a current owner; no extra artifact follows merely from an ADR gap.,"Retain the prior disposition, bounded by the original proposition and current evidence. ADR-0034 accepted and canonicalized_in AGENTS.md, BLUEPRINT.md.",ALREADY COVERED,ADR-0034,High,False,Accepted (historical source status),WB-0034; B-BOUNDARIES,evidence/wb-0034.md; evidence/b-boundaries.md,ALREADY COVERED,ADR-0034
R004,Standalone Workbench before coordination,Extension architecture (Foundry/CIC/Audit),"A project Workbench must work by itself. Foundry, schedulers, dashboards, sockets and cross-project coordination are extensions justified by functioning Workbenches.",Accepted,The unfinished factory became a prerequisite for the base needed to build it.,The historical system assumed Foundry/Flight/CIC or multi-room coordination. Those mechanisms are not prerequisites for the current portable base.,The live base excludes required Foundry orchestration. Historical extension records remain evidence in their original domain; existence of ancillary code does not make a base feature. No retired runtime was exercised.,BLUEPRINT.md; workbench/docs/adr/0015-workbench-base-and-foundry-capabilities.md; workbench/docs/adr/0026-workbench-is-the-sole-source-and-foundry-extends-it.md,WB-0015 WB-0026,Both accepted; AGENTS states no coordination system may be required.,The historical concern has a current owner; no extra artifact follows merely from an ADR gap.,"Retain the prior disposition, bounded by the original proposition and current evidence. Both accepted; AGENTS states no coordination system may be required.",ALREADY COVERED,"ADR-0015, ADR-0026",High,False,Accepted (historical source status),WB-0026; G-6a9ae606; G-6a9b3084,evidence/wb-0026.md; evidence/g-6a9ae606.md; evidence/g-6a9b3084.md,ALREADY COVERED,"ADR-0015, ADR-0026"
R005,One canonical Workbench source and release home,Extension architecture (Foundry/CIC/Audit),LLM_Workbench authors and releases the harness. GPT_OS and other deployments adopt it; an embedded private producer is no longer upstream.,Accepted,Multiple authoring copies caused drift and confused ownership.,The historical system assumed Foundry/Flight/CIC or multi-room coordination. Those mechanisms are not prerequisites for the current portable base.,The live base excludes required Foundry orchestration. Historical extension records remain evidence in their original domain; existence of ancillary code does not make a base feature. No retired runtime was exercised.,BLUEPRINT.md; workbench/docs/adr/0015-workbench-base-and-foundry-capabilities.md; workbench/docs/adr/0026-workbench-is-the-sole-source-and-foundry-extends-it.md,WB-0026,ADR-0026 names LLM_Workbench the sole source and records the rejected producer topology.,The historical concern has a current owner; no extra artifact follows merely from an ADR gap.,"Retain the prior disposition, bounded by the original proposition and current evidence. ADR-0026 names LLM_Workbench the sole source and records the rejected producer topology.",ALREADY COVERED,ADR-0026,High,False,Accepted (historical source status),WB-0026,evidence/wb-0026.md,ALREADY COVERED,ADR-0026
R006,Instruction authority and implemented state are different questions,Authority & governance planes,"Compare accepted intent with live implementation and name an implementation gap, documentation drift, or unresolved ambiguity. Neither source code nor an ADR automatically wins every disagreement.",Accepted,Code-first precedence erased accepted future behavior; prose-first precedence claimed behavior never built.,Historical mechanism and source scope must still apply; current coverage is not proof of complete runtime behavior.,"Current controls separate authority and state resolution; ADRs own rationale and cannot enlarge scope. This is verified prose, not proof every agent obeys.",AGENTS.md; LEXICON.md; workbench/docs/adr/0027-instruction-authority-is-separate-from-state-resolution.md; workbench/docs/adr/0023-mechanical-guarantees-and-agent-obligations.md,WB-0027,ADR-0027 splits the two lists and names the three conditions; AGENTS State Resolution carries it.,The historical concern has a current owner; no extra artifact follows merely from an ADR gap.,"Retain the prior disposition, bounded by the original proposition and current evidence. ADR-0027 splits the two lists and names the three conditions; AGENTS State Resolution carries it.",ALREADY COVERED,ADR-0027,High,False,Accepted (historical source status),WB-0027; H-FR,evidence/wb-0027.md; evidence/h-fr.md,ALREADY COVERED,ADR-0027
R007,Governance planes classify a claim in an operation,Authority & governance planes,"Classify the claim's use, not the entire file or directory. A spec can contain requirements, status, evidence and history, and can itself be the target of an edit.",Accepted,Permanent file classifications created contradictions when repairing controls or appending evidence.,Historical mechanism and source scope must still apply; current coverage is not proof of complete runtime behavior.,"Current controls separate authority and state resolution; ADRs own rationale and cannot enlarge scope. This is verified prose, not proof every agent obeys.",AGENTS.md; LEXICON.md; workbench/docs/adr/0027-instruction-authority-is-separate-from-state-resolution.md; workbench/docs/adr/0023-mechanical-guarantees-and-agent-obligations.md,WB-0001 WB-0025,0025 supersedes the blanket ADR/SPEC-as-Grounding rule explicitly.,The historical concern has a current owner; no extra artifact follows merely from an ADR gap.,"Retain the prior disposition, bounded by the original proposition and current evidence. 0025 supersedes the blanket ADR/SPEC-as-Grounding rule explicitly.",ALREADY COVERED,"ADR-0001, ADR-0025",High,False,Accepted (historical source status),WB-0025; D-GP,evidence/wb-0025.md; evidence/d-gp.md,ALREADY COVERED,"ADR-0001, ADR-0025"
R008,Binding requirements live in their current owners,Authority & governance planes,"Promote each binding requirement into the appropriate current control or assigned spec. ADRs preserve why, alternatives and supersession; agents must not reconstruct binding rules from historical conversations.",Accepted,A decision written only in history remained invisible to ordinary execution.,Historical mechanism and source scope must still apply; current coverage is not proof of complete runtime behavior.,"Current controls separate authority and state resolution; ADRs own rationale and cannot enlarge scope. This is verified prose, not proof every agent obeys.",AGENTS.md; LEXICON.md; workbench/docs/adr/0027-instruction-authority-is-separate-from-state-resolution.md; workbench/docs/adr/0023-mechanical-guarantees-and-agent-obligations.md,WB-0002,ADR-0002 + canonicalized_in requirement.,The historical concern has a current owner; no extra artifact follows merely from an ADR gap.,"Retain the prior disposition, bounded by the original proposition and current evidence. ADR-0002 + canonicalized_in requirement.",ALREADY COVERED,ADR-0002,High,False,Accepted (historical source status),WB-0002; D-GP,evidence/wb-0002.md; evidence/d-gp.md,ALREADY COVERED,ADR-0002
R009,The Contract is a logical claim set,Authority & governance planes,Seven root controls plus the explicitly assigned spec carry the Workbench Contract. Do not add a coequal CONTRACT.md that restates them.,Accepted,A new summary file would create a second owner for the same rules.,Historical mechanism and source scope must still apply; current coverage is not proof of complete runtime behavior.,"Current controls separate authority and state resolution; ADRs own rationale and cannot enlarge scope. This is verified prose, not proof every agent obeys.",AGENTS.md; LEXICON.md; workbench/docs/adr/0027-instruction-authority-is-separate-from-state-resolution.md; workbench/docs/adr/0023-mechanical-guarantees-and-agent-obligations.md,WB-0013 WB-0033,0033 rejects a coequal CONTRACT.md by name.,The historical concern has a current owner; no extra artifact follows merely from an ADR gap.,"Retain the prior disposition, bounded by the original proposition and current evidence. 0033 rejects a coequal CONTRACT.md by name.",ALREADY COVERED,"ADR-0013, ADR-0033",High,False,Accepted (historical source status),WB-0033,evidence/wb-0033.md,ALREADY COVERED,"ADR-0013, ADR-0033"
R010,All planes permit CRUD subject to the operation,Authority & governance planes,"Create, read, update and delete are available across all planes. Append-only evidence and ADR supersession are artifact conventions, not universal plane prohibitions.",Accepted,Absolute plane bans prevented legitimate owner-authorized repair and obscured the actual risk.,Historical mechanism and source scope must still apply; current coverage is not proof of complete runtime behavior.,"Current controls separate authority and state resolution; ADRs own rationale and cannot enlarge scope. This is verified prose, not proof every agent obeys.",AGENTS.md; LEXICON.md; workbench/docs/adr/0027-instruction-authority-is-separate-from-state-resolution.md; workbench/docs/adr/0023-mechanical-guarantees-and-agent-obligations.md,WB-0003,"ADR-0003 states append-only is an artifact convention, not a plane ban.",The historical concern has a current owner; no extra artifact follows merely from an ADR gap.,"Retain the prior disposition, bounded by the original proposition and current evidence. ADR-0003 states append-only is an artifact convention, not a plane ban.",ALREADY COVERED,ADR-0003,High,False,Accepted (historical source status),WB-0003; D-GP,evidence/wb-0003.md; evidence/d-gp.md,ALREADY COVERED,ADR-0003
R011,A policy file is not enforcement,Authority & governance planes,"Machine enforcement requires a running consumer controlling the attempted operation. JSON, a manifest declaration, self-attestation or skill prose cannot establish it alone.",Accepted,The factory had rules describing walls without an executing boundary that enforced them.,Historical mechanism and source scope must still apply; current coverage is not proof of complete runtime behavior.,"Current controls separate authority and state resolution; ADRs own rationale and cannot enlarge scope. This is verified prose, not proof every agent obeys.",AGENTS.md; LEXICON.md; workbench/docs/adr/0027-instruction-authority-is-separate-from-state-resolution.md; workbench/docs/adr/0023-mechanical-guarantees-and-agent-obligations.md,WB-0005 WB-0023,0005 requires a running consumer; 0029 registers which consumers enforce.,The historical concern has a current owner; no extra artifact follows merely from an ADR gap.,"Retain the prior disposition, bounded by the original proposition and current evidence. 0005 requires a running consumer; 0029 registers which consumers enforce.",ALREADY COVERED,"ADR-0005, ADR-0023",High,False,Accepted (historical source status),WB-0005; C-ab1b55db-L37,evidence/wb-0005.md; evidence/c-ab1b55db-l37.md,ALREADY COVERED,"ADR-0005, ADR-0023"
R012,Tools handle deterministic structure; agents handle judgment,Authority & governance planes,"Use deterministic tools for mechanical checks, paths, rendering and validation; use agents for intent, ambiguity, craft and honest evidence interpretation.",Accepted,Repeated model calls for mechanical checks cost tokens without improving the check.,Historical mechanism and source scope must still apply; current coverage is not proof of complete runtime behavior.,"Current controls separate authority and state resolution; ADRs own rationale and cannot enlarge scope. This is verified prose, not proof every agent obeys.",AGENTS.md; LEXICON.md; workbench/docs/adr/0027-instruction-authority-is-separate-from-state-resolution.md; workbench/docs/adr/0023-mechanical-guarantees-and-agent-obligations.md,WB-0023,ADR-0023 also guards against the over-reading (a missing tool cannot fail ordinary work).,The historical concern has a current owner; no extra artifact follows merely from an ADR gap.,"Retain the prior disposition, bounded by the original proposition and current evidence. ADR-0023 also guards against the over-reading (a missing tool cannot fail ordinary work).",ALREADY COVERED,ADR-0023,High,False,Accepted (historical source status),WB-0023; C-ab1b55db-L37,evidence/wb-0023.md; evidence/c-ab1b55db-l37.md,ALREADY COVERED,ADR-0023
R013,A check can block only what it evaluates,Delivery without governance tax,A check may stop a relevant unsafe change; it cannot demand global completeness or the repaired future state as permission to perform the repair.,Accepted,Individually plausible checks composed into bootstrap deadlocks.,Historical mechanism and source scope must still apply; current coverage is not proof of complete runtime behavior.,Doctor ran successfully with zero blockers and 33 informational findings. Registered blocking effects remain distinct from severity; delivery rules are normative.,AGENTS.md; workbench/tools/diagnostics.mjs; workbench/tools/spec-workbench.mjs,WB-0020 WB-0029,ADR-0020 forbids the global-green precondition by name.,The historical concern has a current owner; no extra artifact follows merely from an ADR gap.,"Retain the prior disposition, bounded by the original proposition and current evidence. ADR-0020 forbids the global-green precondition by name.",ALREADY COVERED,"ADR-0020, ADR-0029",High,False,Accepted (historical source status),WB-0020; D-V3,evidence/wb-0020.md; evidence/d-v3.md,ALREADY COVERED,"ADR-0020, ADR-0029"
R014,Diagnostic effects belong to trusted consumers,Delivery without governance tax,"Register diagnostic code, severity, scope and blocking effect in tool code. Preserve nonblocking attention; no artifact chooses whether its own finding blocks.",Accepted,A flat red/green report conflated unsafe manifests with unrelated stale links.,Historical mechanism and source scope must still apply; current coverage is not proof of complete runtime behavior.,Doctor ran successfully with zero blockers and 33 informational findings. Registered blocking effects remain distinct from severity; delivery rules are normative.,AGENTS.md; workbench/tools/diagnostics.mjs; workbench/tools/spec-workbench.mjs,WB-0029,diagnostics.mjs registers code/severity/scope/effect; verified 33 attention findings block nothing.,The historical concern has a current owner; no extra artifact follows merely from an ADR gap.,"Retain the prior disposition, bounded by the original proposition and current evidence. diagnostics.mjs registers code/severity/scope/effect; verified 33 attention findings block nothing.",ALREADY COVERED,ADR-0029,High,False,Accepted (historical source status),WB-0029,evidence/wb-0029.md,ALREADY COVERED,ADR-0029
R015,Ordinary work does not need a Job Order,Delivery without governance tax,Human-led work and multi-chat continuation can proceed under their actual authorization without creating a Job Order or completing Flight infrastructure first.,Accepted,A coordination record became a gate on the work needed to make coordination usable.,Historical mechanism and source scope must still apply; current coverage is not proof of complete runtime behavior.,Doctor ran successfully with zero blockers and 33 informational findings. Registered blocking effects remain distinct from severity; delivery rules are normative.,AGENTS.md; workbench/tools/diagnostics.mjs; workbench/tools/spec-workbench.mjs,GO-0021 WB-0015 WB-0026,"AGENTS: 'no coordination system, order form, flight, scheduler... may be required'.",The historical concern has a current owner; no extra artifact follows merely from an ADR gap.,"Retain the prior disposition, bounded by the original proposition and current evidence. AGENTS: 'no coordination system, order form, flight, scheduler... may be required'.",ALREADY COVERED,"ADR-0015, ADR-0026",High,False,Accepted (historical source status),GO-0021; D-V3,evidence/go-0021.md; evidence/d-v3.md,ALREADY COVERED,"ADR-0015, ADR-0026"
R016,A report never authorizes its own repair,"Evidence, review & evaluation","Review findings are evidence. The reviewer does not acquire permission to modify the audited target, dispatch repairs or publish by producing a report.",Accepted,Review and repair were repeatedly conflated.,Historical mechanism and source scope must still apply; current coverage is not proof of complete runtime behavior.,Report format already requires evidence limitations and report-scoped IDs/shared recurrence keys. It does not separately name evaluated and reporting models. Outcome docs require controlled repeated comparisons; no new agent-outcome trial was run.,AGENTS.md; workbench/feedback/REPORT_FORMAT.md; evals/README.md; outcomes/README.md; tools/test-cross-provider-fixture.mjs,WB-0037 WB-0038 AU-0007,REPORT_FORMAT: 'A report never repairs its target or grants repair or automated-merge authority.',The historical concern has a current owner; no extra artifact follows merely from an ADR gap.,"Retain the prior disposition, bounded by the original proposition and current evidence. REPORT_FORMAT: 'A report never repairs its target or grants repair or automated-merge authority.'",ALREADY COVERED,"ADR-0037, REPORT_FORMAT.md",High,False,Accepted (historical source status),WB-0038; AU-0007; C-019f7dc3-L228,evidence/wb-0038.md; evidence/au-0007.md; evidence/c-019f7dc3-l228.md,ALREADY COVERED,"ADR-0037, REPORT_FORMAT.md"
R017,"Read-only applies to the named target, not every composed activity",Skill composition & bundle,A read-only review or navigation skill constrains its target and effects; it must not accidentally prohibit another authorized skill's notepad edits or the audit application's own development.,Accepted,Category-wide read-only wording became self-contradictory when the audit room reviewed itself or skills composed.,"Source ownership, installed state and host discovery are different. F selects one global core release; old duplicate personal sources and equality-only version diagnostics are migration concerns.","17 source core skills are declared; promote/save are absent. Installer tests passed 12/12, including Git-owned and symlinked roots. README/Runbook refusal prose is stale; explicit replacement remains a separate path. No new compatibility-range implementation was verified.",skills/README.md; workbench/manifest.json; tools/core-skill-installer.mjs; tools/skill-presence.mjs; tools/test-core-skill-installer.mjs,AU-0007 WB-0036,No upstream rule composes read-only scope with effects; AU-0007 is the only worked example.,"The smallest useful current treatment is the named target. This is a review recommendation, not newly accepted architecture.",Composition and source ownership can change independently. Preserve reusable primitives and distinguish invocation from authorization; do not adopt a metadata schema merely because one was suggested.,MERGE WITH ADR-PROPOSED-E,CAND-E,Medium,False,Accepted (historical source status),AU-0007; C-a9e38fdd-L87,evidence/au-0007.md; evidence/c-a9e38fdd-l87.md,MERGE WITH CAND-E,CAND-E
R018,Owner authorization is scoped and cannot be fabricated,Authority & governance planes,"An owner command authorizes a concrete scope and destination. An agent cannot manufacture owner authorization, and a child operation cannot widen the parent grant.",Accepted,A callable skill name and a document's existence are not a permission system.,Historical mechanism and source scope must still apply; current coverage is not proof of complete runtime behavior.,"Current controls separate authority and state resolution; ADRs own rationale and cannot enlarge scope. This is verified prose, not proof every agent obeys.",AGENTS.md; LEXICON.md; workbench/docs/adr/0027-instruction-authority-is-separate-from-state-resolution.md; workbench/docs/adr/0023-mechanical-guarantees-and-agent-obligations.md,GO-0009 WB-0027,ADR-0027 covers instruction authority order but not the no-widening-by-child rule.,"The smallest useful current treatment is the named target. This is a review recommendation, not newly accepted architecture.",Child scope is already bounded by AGENTS and ADR-0027; record the composition example without a new authority layer.,MERGE WITH ADR-0027,ADR-0027,Medium,False,Accepted (historical source status),H-FR; GO-0009; C-019f6974-L93,evidence/h-fr.md; evidence/go-0009.md; evidence/c-019f6974-l93.md,MERGE WITH CAND-B,CAND-B
R019,"Separate Proof, Audit and Owner Command",Authority & governance planes,"Mechanical proof, independent judgment and explicit owner authorization answer different questions and cannot substitute for one another.",Accepted,"A passing check was sometimes treated as approval, while approval was treated as proof of delivery.",Historical mechanism and source scope must still apply; current coverage is not proof of complete runtime behavior.,"Current controls separate authority and state resolution; ADRs own rationale and cannot enlarge scope. This is verified prose, not proof every agent obeys.",AGENTS.md; LEXICON.md; workbench/docs/adr/0027-instruction-authority-is-separate-from-state-resolution.md; workbench/docs/adr/0023-mechanical-guarantees-and-agent-obligations.md,-,"No ADR separates mechanical proof, independent judgment and owner authorization; 0023/0037 each cover one edge.","The smallest useful current treatment is the named target. This is a review recommendation, not newly accepted architecture.",ADR-0037 explicitly says review grants neither repair nor publication authority. Proof/judgment/authorization is a clarification of existing owners.,MERGE WITH ADR-0027,ADR-0027; ADR-0037,High,False,Accepted (historical source status),H-FR,evidence/h-fr.md,KEEP - ADR,CAND-B
R020,Nearest-root boot with explicit outer safety inheritance,Authority & governance planes,"Fresh, nested and standalone Workbenches enter through their nearest AGENTS.md. Nested rooms inherit declared outer safety boundaries, then apply the local contract.",Accepted,Ambient host and parent-project context broke portability and confused scope.,Historical mechanism and source scope must still apply; current coverage is not proof of complete runtime behavior.,"Current controls separate authority and state resolution; ADRs own rationale and cannot enlarge scope. This is verified prose, not proof every agent obeys.",AGENTS.md; LEXICON.md; workbench/docs/adr/0027-instruction-authority-is-separate-from-state-resolution.md; workbench/docs/adr/0023-mechanical-guarantees-and-agent-obligations.md,GO-0022 WB-0026,ADR-0026 names the three boot shapes explicitly.,The historical concern has a current owner; no extra artifact follows merely from an ADR gap.,"Retain the prior disposition, bounded by the original proposition and current evidence. ADR-0026 names the three boot shapes explicitly.",ALREADY COVERED,ADR-0026,High,False,Accepted (historical source status),WB-0026; GO-0022,evidence/wb-0026.md; evidence/go-0022.md,ALREADY COVERED,ADR-0026
R021,No machine-global import of one project's interior,"Adoption, upgrade & installed integrity",Keep a project's memory routing in its own entry bridge. A machine-global instruction file should not force every unrelated project to load a private deployment's internal path.,Accepted,A layout move broke a global import and unrelated sessions inherited GPT_OS context.,"Source release, installed generation, runtime and target containment require separate evidence; unavailable state must not be filled by inference.",Setup tools and distinct source/installed receipts exist. Adoption and upgrade recovery still use collections.checkpoints. Fidelity tests passed 15/15; this report does not certify a new upgrade or deployment.,RUNBOOK.md; tools/workbench-adoption.mjs; tools/workbench-upgrade.mjs; workbench/docs/adr/0031-runtime-tools-are-workbench-managed-in-the-tools-lane.md; workbench/specs/S-041-recorded-baseline-availability/SPEC.md; tools/control-fidelity.mjs,WB-0026,Nearest-root boot consequence; no machine-global import exists in this repo.,The historical concern has a current owner; no extra artifact follows merely from an ADR gap.,"Retain the prior disposition, bounded by the original proposition and current evidence. Nearest-root boot consequence; no machine-global import exists in this repo.",ALREADY COVERED,ADR-0026,Medium,False,Accepted (historical source status),D-V3,evidence/d-v3.md,ALREADY COVERED,ADR-0026
R022,Stable specs own capability detail; boards project active work,"Records, ownership & navigation","Blueprint holds broad direction and the spec catalog; stable specs hold requirements, acceptance, evidence and history; the hot Taskboard displays active work rather than becoming a giant second specification.",Accepted,Large boards consumed context and duplicated state that should have one owner.,Historical mechanism and source scope must still apply; current coverage is not proof of complete runtime behavior.,Owners and traversal routes exist. ADR-0041 explicitly defers identifier implementation and connection identity; a declaration is not delivered migration.,AGENTS.md; LEXICON.md; workbench/wiki/SCHEMA.md; workbench/docs/adr/0042-traverse-dont-search-is-core-workbench-navigation.md; workbench/docs/adr/0041-visible-base62-workbench-identifiers.md,WB-0033 WB-0035,TASKBOARD.md is a generated hot-specs projection with no separate decision store; verified.,The historical concern has a current owner; no extra artifact follows merely from an ADR gap.,"Retain the prior disposition, bounded by the original proposition and current evidence. TASKBOARD.md is a generated hot-specs projection with no separate decision store; verified.",ALREADY COVERED,"ADR-0033, ADR-0035",High,False,Accepted (historical source status),C-019f5915-L75; GO-0016,evidence/c-019f5915-l75.md; evidence/go-0016.md,ALREADY COVERED,"ADR-0033, ADR-0035"
R023,Size execution slices for a fresh context,"Records, ownership & navigation","Break work into bounded executable outcomes, with larger unknowns resolved before dependent implementation. Artifact size and delegation should follow actual complexity.",Accepted,Long chats and oversized work packets degraded judgment and made continuation expensive.,Historical mechanism and source scope must still apply; current coverage is not proof of complete runtime behavior.,Owners and traversal routes exist. ADR-0041 explicitly defers identifier implementation and connection identity; a declaration is not delivered migration.,AGENTS.md; LEXICON.md; workbench/wiki/SCHEMA.md; workbench/docs/adr/0042-traverse-dont-search-is-core-workbench-navigation.md; workbench/docs/adr/0041-visible-base62-workbench-identifiers.md,-,tracer-bullet skill ships; no written sizing heuristic. Token/byte thresholds were never owner-accepted.,"The smallest useful current treatment is the named target. This is a review recommendation, not newly accepted architecture.","Retain the prior disposition, bounded by the original proposition and current evidence. tracer-bullet skill ships; no written sizing heuristic. Token/byte thresholds were never owner-accepted.",KEEP - DOC,RUNBOOK / tracer-bullet,Medium,False,Accepted (historical source status),C-019f68fd-L115; C-01a054e7-L190; D-CAS,evidence/c-019f68fd-l115.md; evidence/c-01a054e7-l190.md; evidence/d-cas.md,KEEP - DOC,RUNBOOK / tracer-bullet
R024,Keep completed evidence and link successors,"Records, ownership & navigation","Preserve truthful completed spec evidence and supersession links. Future capability changes belong in an active owner or linked successor, rather than rewriting completed history to look current.",Accepted,"History is needed to understand acceptance, rejection and later changes.",Historical mechanism and source scope must still apply; current coverage is not proof of complete runtime behavior.,Owners and traversal routes exist. ADR-0041 explicitly defers identifier implementation and connection identity; a declaration is not delivered migration.,AGENTS.md; LEXICON.md; workbench/wiki/SCHEMA.md; workbench/docs/adr/0042-traverse-dont-search-is-core-workbench-navigation.md; workbench/docs/adr/0041-visible-base62-workbench-identifiers.md,WB-0003 WB-0035,AGENTS forbids rewriting append-only evidence; successor-linking has no stated owner rule.,The historical concern has a current owner; no extra artifact follows merely from an ADR gap.,AGENTS already directs later capability changes to linked successors and preserves append-only evidence. R179 supplies the reachability refinement.,ALREADY COVERED,AGENTS.md; ADR-0042,Medium,False,Accepted (historical source status),B-BOUNDARIES; D-V3,evidence/b-boundaries.md; evidence/d-v3.md,MERGE WITH CAND-S,CAND-S
R025,Six lowercase support lanes ship as structural slots,"Records, ownership & navigation","Ship docs, specs, wiki, sessions, feedback and tools under lowercase workbench, even where a slot is empty.",Accepted,Undeclared folders and case differences broke clean-clone and cross-platform behavior.,Historical mechanism and source scope must still apply; current coverage is not proof of complete runtime behavior.,Owners and traversal routes exist. ADR-0041 explicitly defers identifier implementation and connection identity; a declaration is not delivered migration.,AGENTS.md; LEXICON.md; workbench/wiki/SCHEMA.md; workbench/docs/adr/0042-traverse-dont-search-is-core-workbench-navigation.md; workbench/docs/adr/0041-visible-base62-workbench-identifiers.md,WB-0017,Six lanes present on disk and declared in manifest schema 2.,The historical concern has a current owner; no extra artifact follows merely from an ADR gap.,"Retain the prior disposition, bounded by the original proposition and current evidence. Six lanes present on disk and declared in manifest schema 2.",ALREADY COVERED,ADR-0017,High,False,Accepted (historical source status),WB-0017; D-V3,evidence/wb-0017.md; evidence/d-v3.md,ALREADY COVERED,ADR-0017
R026,The manifest declares machine-used paths,"Records, ownership & navigation",Resolve lanes and collections through one validated manifest reader instead of guessing paths or hardcoding old layouts.,Accepted,A moved spec directory silently looked like an empty work queue; renderers could erase valid projections.,Historical mechanism and source scope must still apply; current coverage is not proof of complete runtime behavior.,Owners and traversal routes exist. ADR-0041 explicitly defers identifier implementation and connection identity; a declaration is not delivered migration.,AGENTS.md; LEXICON.md; workbench/wiki/SCHEMA.md; workbench/docs/adr/0042-traverse-dont-search-is-core-workbench-navigation.md; workbench/docs/adr/0041-visible-base62-workbench-identifiers.md,WB-0032,manifest.json schema 2 declares six lanes and seven collections; workbench-paths.mjs is the single reader.,The historical concern has a current owner; no extra artifact follows merely from an ADR gap.,"Retain the prior disposition, bounded by the original proposition and current evidence. manifest.json schema 2 declares six lanes and seven collections; workbench-paths.mjs is the single reader.",ALREADY COVERED,ADR-0032,High,False,Accepted (historical source status),WB-0032; D-V3,evidence/wb-0032.md; evidence/d-v3.md,ALREADY COVERED,ADR-0032
R027,Every project has a local Wiki,"Records, ownership & navigation",A reusable Workbench includes its own knowledge base; project memory cannot depend on a central Foundry or a particular recall service.,Accepted,Projects without a local brain repeatedly lost context when agents changed.,Historical mechanism and source scope must still apply; current coverage is not proof of complete runtime behavior.,Owners and traversal routes exist. ADR-0041 explicitly defers identifier implementation and connection identity; a declaration is not delivered migration.,AGENTS.md; LEXICON.md; workbench/wiki/SCHEMA.md; workbench/docs/adr/0042-traverse-dont-search-is-core-workbench-navigation.md; workbench/docs/adr/0041-visible-base62-workbench-identifiers.md,WB-0018,workbench/wiki/ present with MEMORY.md router and SCHEMA.md.,The historical concern has a current owner; no extra artifact follows merely from an ADR gap.,"Retain the prior disposition, bounded by the original proposition and current evidence. workbench/wiki/ present with MEMORY.md router and SCHEMA.md.",ALREADY COVERED,ADR-0018,High,False,Accepted (historical source status),C-7f7acc51-L110; WB-0018,evidence/c-7f7acc51-l110.md; evidence/wb-0018.md,ALREADY COVERED,ADR-0018
R028,Wiki and recall index have different ownership,"Records, ownership & navigation","The maintained file Wiki owns project knowledge. Recall databases and search indexes are derived access mechanisms with provenance, not parallel authoritative memory.",Accepted,"Provider-neutral durable knowledge should survive a database, model or retrieval service change.",Historical mechanism and source scope must still apply; current coverage is not proof of complete runtime behavior.,Owners and traversal routes exist. ADR-0041 explicitly defers identifier implementation and connection identity; a declaration is not delivered migration.,AGENTS.md; LEXICON.md; workbench/wiki/SCHEMA.md; workbench/docs/adr/0042-traverse-dont-search-is-core-workbench-navigation.md; workbench/docs/adr/0041-visible-base62-workbench-identifiers.md,-,"SCHEMA knowledge_role already admits 'derived'; no recall-database consumer exists, so only the boundary note is owed.","The smallest useful current treatment is the named target. This is a review recommendation, not newly accepted architecture.","Retain the prior disposition, bounded by the original proposition and current evidence. SCHEMA knowledge_role already admits 'derived'; no recall-database consumer exists, so only the boundary note is owed.",KEEP - DOC,workbench/wiki/SCHEMA.md,Medium,False,Accepted (historical source status),C-7f7acc51-L92; C-019f6684-L222,evidence/c-7f7acc51-l92.md; evidence/c-019f6684-l222.md,KEEP - DOC,workbench/wiki/SCHEMA.md
R029,Traverse from a context map before broad searching,"Records, ownership & navigation","Make ordinary project context reachable through maintained routes, with bounded search available for missing or insufficient routes, debugging and explicit audits.",Accepted,Useful files existed but an agent following the official entry route could not reach them.,Historical mechanism and source scope must still apply; current coverage is not proof of complete runtime behavior.,Owners and traversal routes exist. ADR-0041 explicitly defers identifier implementation and connection identity; a declaration is not delivered migration.,AGENTS.md; LEXICON.md; workbench/wiki/SCHEMA.md; workbench/docs/adr/0042-traverse-dont-search-is-core-workbench-navigation.md; workbench/docs/adr/0041-visible-base62-workbench-identifiers.md,WB-0042,"ADR-0042 accepted 2026-09-06, canonicalized in AGENTS/BLUEPRINT/LEXICON.",The historical concern has a current owner; no extra artifact follows merely from an ADR gap.,"Retain the prior disposition, bounded by the original proposition and current evidence. ADR-0042 accepted 2026-09-06, canonicalized in AGENTS/BLUEPRINT/LEXICON.",ALREADY COVERED,ADR-0042,High,False,Accepted (historical source status),WB-0042; C-7f7acc51-L130; C-019f9aa5-L49,evidence/wb-0042.md; evidence/c-7f7acc51-l130.md; evidence/c-019f9aa5-l49.md,ALREADY COVERED,ADR-0042
R030,Lexicon is a bounded glossary and route map,"Records, ownership & navigation",Keep shared vocabulary concise and linked to its owner; local bounded contexts may add local terms without redefining shared ones. Do not rename LEXICON to CONTEXT or turn it into implementation prose.,Accepted,Term collisions and sprawling explanations made the common language harder to use.,Historical mechanism and source scope must still apply; current coverage is not proof of complete runtime behavior.,Owners and traversal routes exist. ADR-0041 explicitly defers identifier implementation and connection identity; a declaration is not delivered migration.,AGENTS.md; LEXICON.md; workbench/wiki/SCHEMA.md; workbench/docs/adr/0042-traverse-dont-search-is-core-workbench-navigation.md; workbench/docs/adr/0041-visible-base62-workbench-identifiers.md,WB-0042,LEXICON is a bounded glossary with routing; no rename occurred.,The historical concern has a current owner; no extra artifact follows merely from an ADR gap.,"Retain the prior disposition, bounded by the original proposition and current evidence. LEXICON is a bounded glossary with routing; no rename occurred.",ALREADY COVERED,"ADR-0042, LEXICON.md",MediumHigh,False,Accepted (historical source status),C-019f6335-L263; H-FR; C-a9e38fdd-L111,evidence/c-019f6335-l263.md; evidence/h-fr.md; evidence/c-a9e38fdd-l111.md,ALREADY COVERED,"ADR-0042, LEXICON.md"
R031,Cross-context relationships are derived from existing owners,"Records, ownership & navigation","The project index and context map route to owners; they do not become another decision store, taskboard or registry of duplicated facts.",Accepted,A second master index becomes stale and creates another source-precedence question.,Historical mechanism and source scope must still apply; current coverage is not proof of complete runtime behavior.,Owners and traversal routes exist. ADR-0041 explicitly defers identifier implementation and connection identity; a declaration is not delivered migration.,AGENTS.md; LEXICON.md; workbench/wiki/SCHEMA.md; workbench/docs/adr/0042-traverse-dont-search-is-core-workbench-navigation.md; workbench/docs/adr/0041-visible-base62-workbench-identifiers.md,GO-0016 WB-0042,ADR-0042 rejects a second master index by name.,The historical concern has a current owner; no extra artifact follows merely from an ADR gap.,"Retain the prior disposition, bounded by the original proposition and current evidence. ADR-0042 rejects a second master index by name.",ALREADY COVERED,"ADR-0042, ADR-0002",High,False,Accepted (historical source status),GO-0016; H-FR,evidence/go-0016.md; evidence/h-fr.md,ALREADY COVERED,"ADR-0042, ADR-0002"
R032,"Use shallow, human-readable knowledge organization","Records, ownership & navigation","Prefer a small router and linked notes usable in Obsidian, avoiding gratuitous numbered folders and index-on-index navigation.",Strong preference,The owner and agents need to read and traverse the same knowledge without elaborate tooling.,Historical mechanism and source scope must still apply; current coverage is not proof of complete runtime behavior.,Owners and traversal routes exist. ADR-0041 explicitly defers identifier implementation and connection identity; a declaration is not delivered migration.,AGENTS.md; LEXICON.md; workbench/wiki/SCHEMA.md; workbench/docs/adr/0042-traverse-dont-search-is-core-workbench-navigation.md; workbench/docs/adr/0041-visible-base62-workbench-identifiers.md,WB-0018,SCHEMA line 80: 'Keep every collection flat; do not add category indexes.',The historical concern has a current owner; no extra artifact follows merely from an ADR gap.,"Retain the prior disposition, bounded by the original proposition and current evidence. SCHEMA line 80: 'Keep every collection flat; do not add category indexes.'",ALREADY COVERED,workbench/wiki/SCHEMA.md,High,False,Strong preference (historical source status),C-019f6684-L9; C-019f6684-L222; C-7f7acc51-L130,evidence/c-019f6684-l9.md; evidence/c-019f6684-l222.md; evidence/c-7f7acc51-l130.md,ALREADY COVERED,workbench/wiki/SCHEMA.md
R033,"Guidebooks are Wiki collections, not a new lane","Records, ownership & navigation",Reusable procedures can live inside the knowledge base. Their writing style or common governance use does not justify a separate root lane.,Accepted,Folder taxonomy was being mistaken for authority or plane classification.,Historical mechanism and source scope must still apply; current coverage is not proof of complete runtime behavior.,Owners and traversal routes exist. ADR-0041 explicitly defers identifier implementation and connection identity; a declaration is not delivered migration.,AGENTS.md; LEXICON.md; workbench/wiki/SCHEMA.md; workbench/docs/adr/0042-traverse-dont-search-is-core-workbench-navigation.md; workbench/docs/adr/0041-visible-base62-workbench-identifiers.md,WB-0018,ADR-0018 rejects a guidebooks lane by name.,The historical concern has a current owner; no extra artifact follows merely from an ADR gap.,"Retain the prior disposition, bounded by the original proposition and current evidence. ADR-0018 rejects a guidebooks lane by name.",ALREADY COVERED,ADR-0018,High,False,Accepted (historical source status),WB-0018; D-V3,evidence/wb-0018.md; evidence/d-v3.md,ALREADY COVERED,ADR-0018
R034,Design Concepts explain the model and link evidence,"Records, ownership & navigation","A Design Concept is a full source-backed explanation of one reusable cross-cutting model, with Evidence and Sources and History; it does not replace the Blueprint, ADR, spec or task state.",Accepted,"The owner needed the shared mental model, not another short requirements summary.",Historical mechanism and source scope must still apply; current coverage is not proof of complete runtime behavior.,Owners and traversal routes exist. ADR-0041 explicitly defers identifier implementation and connection identity; a declaration is not delivered migration.,AGENTS.md; LEXICON.md; workbench/wiki/SCHEMA.md; workbench/docs/adr/0042-traverse-dont-search-is-core-workbench-navigation.md; workbench/docs/adr/0041-visible-base62-workbench-identifiers.md,WB-0030,ADR-0030 requires Evidence and Sources plus History.,The historical concern has a current owner; no extra artifact follows merely from an ADR gap.,"Retain the prior disposition, bounded by the original proposition and current evidence. ADR-0030 requires Evidence and Sources plus History.",ALREADY COVERED,ADR-0030,High,False,Accepted (historical source status),WB-0030; D-CONCEPTS,evidence/wb-0030.md; evidence/d-concepts.md,ALREADY COVERED,ADR-0030
R035,Design Concept creation is owner-directed,"Records, ownership & navigation","Agents may suggest a new article; owner authorization creates it. Existing articles may be repaired from direct authoritative proof, otherwise visibly marked stale.",Accepted,Automatic article creation risks an unnecessary shadow Wiki; silent inference can corrupt the explanation.,Historical mechanism and source scope must still apply; current coverage is not proof of complete runtime behavior.,Owners and traversal routes exist. ADR-0041 explicitly defers identifier implementation and connection identity; a declaration is not delivered migration.,AGENTS.md; LEXICON.md; workbench/wiki/SCHEMA.md; workbench/docs/adr/0042-traverse-dont-search-is-core-workbench-navigation.md; workbench/docs/adr/0041-visible-base62-workbench-identifiers.md,WB-0030,ADR-0030: owner alone authorizes creation; agents mark stale rather than infer.,The historical concern has a current owner; no extra artifact follows merely from an ADR gap.,"Retain the prior disposition, bounded by the original proposition and current evidence. ADR-0030: owner alone authorizes creation; agents mark stale rather than infer.",ALREADY COVERED,ADR-0030,High,False,Accepted (historical source status),WB-0030; D-CONCEPTS,evidence/wb-0030.md; evidence/d-concepts.md,ALREADY COVERED,ADR-0030
R036,Parent knowledge is shared; child knowledge stays local,"Records, ownership & navigation",A parent owns concepts its children share; a child owns unique concepts and routes upward for common ones.,Accepted,Copying shared explanations into every room creates divergence.,Historical mechanism and source scope must still apply; current coverage is not proof of complete runtime behavior.,Owners and traversal routes exist. ADR-0041 explicitly defers identifier implementation and connection identity; a declaration is not delivered migration.,AGENTS.md; LEXICON.md; workbench/wiki/SCHEMA.md; workbench/docs/adr/0042-traverse-dont-search-is-core-workbench-navigation.md; workbench/docs/adr/0041-visible-base62-workbench-identifiers.md,WB-0030,Parent/child ownership stated in ADR-0030.,The historical concern has a current owner; no extra artifact follows merely from an ADR gap.,"Retain the prior disposition, bounded by the original proposition and current evidence. Parent/child ownership stated in ADR-0030.",ALREADY COVERED,ADR-0030,High,False,Accepted (historical source status),WB-0030; D-CONCEPTS,evidence/wb-0030.md; evidence/d-concepts.md,ALREADY COVERED,ADR-0030
R037,Update touched owners during the same work,"Records, ownership & navigation","As material state changes, reconcile the owning documentation, requirements, evidence and relevant routes. Do not leave an important accepted fact trapped in a final chat summary.",Accepted,Repeated reminders to save and update docs became the owner's coordination work.,Historical mechanism and source scope must still apply; current coverage is not proof of complete runtime behavior.,Owners and traversal routes exist. ADR-0041 explicitly defers identifier implementation and connection identity; a declaration is not delivered migration.,AGENTS.md; LEXICON.md; workbench/wiki/SCHEMA.md; workbench/docs/adr/0042-traverse-dont-search-is-core-workbench-navigation.md; workbench/docs/adr/0041-visible-base62-workbench-identifiers.md,WB-0002 WB-0035,AGENTS: 'Documentation is part of done; the implementing agent is its documentation owner' plus the routing table.,The historical concern has a current owner; no extra artifact follows merely from an ADR gap.,"Retain the prior disposition, bounded by the original proposition and current evidence. AGENTS: 'Documentation is part of done; the implementing agent is its documentation owner' plus the routing table.",ALREADY COVERED,AGENTS.md,High,False,Accepted (historical source status),C-019f0262-L6; B-BOUNDARIES; G-6a50191e,evidence/c-019f0262-l6.md; evidence/b-boundaries.md; evidence/g-6a50191e.md,ALREADY COVERED,AGENTS.md
R038,"Promotion is per decision, with preserved provenance","Records, ownership & navigation","Identify which individual claims are settled, which remain open, what owner receives each promoted claim and what remains in the working record.",Accepted,Whole-notepad promotion silently imported proposals or lost unpromoted branches.,Historical mechanism and source scope must still apply; current coverage is not proof of complete runtime behavior.,Owners and traversal routes exist. ADR-0041 explicitly defers identifier implementation and connection identity; a declaration is not delivered migration.,AGENTS.md; LEXICON.md; workbench/wiki/SCHEMA.md; workbench/docs/adr/0042-traverse-dont-search-is-core-workbench-navigation.md; workbench/docs/adr/0041-visible-base62-workbench-identifiers.md,WB-0002 WB-0040,RESOLVED 2026-09-07: per-decision promotion with provenance becomes a base capability once promote enters core. Its plane routing is already ADR-0025-correct and is the model save must be reconciled to.,"The smallest useful current treatment is the named target. This is a review recommendation, not newly accepted architecture.",Keep per-claim promotion and provenance in Q; adding the promote/save skill to core is separately decided in F.,MERGE WITH ADR-PROPOSED-Q,CAND-Q,High,False,OWNER DECIDED; promotion/implementation pending,D-GP; WB-0040,evidence/d-gp.md; evidence/wb-0040.md,RESOLVED,ADR (CAND-F)
R039,Small independent ADRs preserve the reasons,"Records, ownership & navigation","Use separate concise ADRs for decisions that can change independently. Keep context, decision and why; use history for routine changes and avoid an omnibus governance ADR.",Accepted,The first large governance record obscured many independent choices and made later correction hard.,Historical mechanism and source scope must still apply; current coverage is not proof of complete runtime behavior.,Owners and traversal routes exist. ADR-0041 explicitly defers identifier implementation and connection identity; a declaration is not delivered migration.,AGENTS.md; LEXICON.md; workbench/wiki/SCHEMA.md; workbench/docs/adr/0042-traverse-dont-search-is-core-workbench-navigation.md; workbench/docs/adr/0041-visible-base62-workbench-identifiers.md,-,"28 small ADRs demonstrate the practice; the threshold rationale is nowhere written, and this triage needed it.","The smallest useful current treatment is the named target. This is a review recommendation, not newly accepted architecture.","Retain the prior disposition, bounded by the original proposition and current evidence. 28 small ADRs demonstrate the practice; the threshold rationale is nowhere written, and this triage needed it.",KEEP - DOC,ADR authoring guidance,MediumHigh,False,Accepted (historical source status),D-GP; D-V3; H-FR,evidence/d-gp.md; evidence/d-v3.md; evidence/h-fr.md,KEEP - DOC,ADR authoring guidance
R040,ADR publication must update binding controls and links,"Records, ownership & navigation","An accepted ADR's operative rule must reach its named control, with relevant source and navigation links repaired in that promotion.",Accepted,"ADRs, controls, skills and templates frequently described different decisions after a partial promotion.",Historical mechanism and source scope must still apply; current coverage is not proof of complete runtime behavior.,Owners and traversal routes exist. ADR-0041 explicitly defers identifier implementation and connection identity; a declaration is not delivered migration.,AGENTS.md; LEXICON.md; workbench/wiki/SCHEMA.md; workbench/docs/adr/0042-traverse-dont-search-is-core-workbench-navigation.md; workbench/docs/adr/0041-visible-base62-workbench-identifiers.md,WB-0002 WB-0030,ADR-0002 states the rule; nothing checks that a canonicalized_in target actually carries the rule.,The historical concern has a current owner; no extra artifact follows merely from an ADR gap.,The behavioral rule is explicit already. Semantic agreement between an ADR and its owner needs judgment; a text-presence test cannot prove fidelity and is not an accepted new gate.,ALREADY COVERED,ADR-0002; AGENTS.md,MediumHigh,False,Accepted (historical source status),D-GP; D-CONCEPTS,evidence/d-gp.md; evidence/d-concepts.md,KEEP - CONTRACT,AGENTS.md + new conformance test
R041,No extra ADR index was originally selected,"Records, ownership & navigation","The September 3 ruling chose self-describing filenames, scan-and-increment numbering and in-file supersession instead of a second hand-maintained ADR index.",Accepted historical decision,An index could become another driftable gate on whether an ADR exists.,Historical mechanism and source scope must still apply; current coverage is not proof of complete runtime behavior.,Owners and traversal routes exist. ADR-0041 explicitly defers identifier implementation and connection identity; a declaration is not delivered migration.,AGENTS.md; LEXICON.md; workbench/wiki/SCHEMA.md; workbench/docs/adr/0042-traverse-dont-search-is-core-workbench-navigation.md; workbench/docs/adr/0041-visible-base62-workbench-identifiers.md,-,"RECONCILED: REGISTER.md is generated by adr.mjs, marked do-not-edit, and stale-register is attention/blocks-none. The 2026-09-03 no-hand-index ruling is intact.",The historical concern has a current owner; no extra artifact follows merely from an ADR gap.,"Retain the prior disposition, bounded by the original proposition and current evidence. RECONCILED: REGISTER.md is generated by adr.mjs, marked do-not-edit, and stale-register is attention/blocks-none. The 2026-09-03 no-hand-index ruling is intact.",ALREADY COVERED,REGISTER.md,High,False,Accepted historical decision (historical source status),D-V3,evidence/d-v3.md,ALREADY COVERED,REGISTER.md
R042,Names and identities are independent,"Records, ownership & navigation",Human names may change while durable references remain resolvable. Identity migration must preserve references instead of confusing a rename with a new entity.,Accepted,Repeated Foundry vocabulary and path changes broke recognition across stores.,Historical mechanism and source scope must still apply; current coverage is not proof of complete runtime behavior.,Owners and traversal routes exist. ADR-0041 explicitly defers identifier implementation and connection identity; a declaration is not delivered migration.,AGENTS.md; LEXICON.md; workbench/wiki/SCHEMA.md; workbench/docs/adr/0042-traverse-dont-search-is-core-workbench-navigation.md; workbench/docs/adr/0041-visible-base62-workbench-identifiers.md,WB-0041,ADR-0041 preserves references and rejects a second global identity.,The historical concern has a current owner; no extra artifact follows merely from an ADR gap.,Artifact identity survives names; N now selects a Workbench connection identity. Do not interpret the older no-secondary-artifact-ID rule as forbidding that distinct identity.,ALREADY COVERED,ADR-0041; CAND-N,High,False,OWNER DECIDED; promotion/implementation pending,C-7f7acc51-L209; WB-0041,evidence/c-7f7acc51-l209.md; evidence/wb-0041.md,ALREADY COVERED,ADR-0041
R043,Visible base-62 identifiers are local to type and Workbench,"Records, ownership & navigation","Replace the numeric portion of existing visible IDs with base-62; uniqueness is per type and Workbench, with no second global identity. Alphabet and width are not settled.",Accepted; implementation pending,A secondary global ID contradicted the owner's correction and overbuilt standalone identity.,Historical mechanism and source scope must still apply; current coverage is not proof of complete runtime behavior.,Owners and traversal routes exist. ADR-0041 explicitly defers identifier implementation and connection identity; a declaration is not delivered migration.,AGENTS.md; LEXICON.md; workbench/wiki/SCHEMA.md; workbench/docs/adr/0042-traverse-dont-search-is-core-workbench-navigation.md; workbench/docs/adr/0041-visible-base62-workbench-identifiers.md,WB-0041,S-047 open; ADR-0041 says accepting it migrates nothing.,The historical concern has a current owner; no extra artifact follows merely from an ADR gap.,Direction is accepted; parser/allocation/migration are not complete. N requires an additional Workbench namespace without changing the original artifact proposition.,ALREADY COVERED,ADR-0041; S-047,High,False,Accepted; implementation pending (historical source status),WB-0041,evidence/wb-0041.md,ALREADY COVERED,"ADR-0041, S-047"
R044,Objective continuity crosses providers and sessions,Continuity & handoff,"A replacement agent should recover the objective and relevant working understanding after compaction, context loss, model change or restart, then verify live state and continue.",Accepted,A summary that drops intent forces the owner to rebuild the task and repeat decisions.,Historical local-only/checkpoint rules are narrowed by N/Q. Multiple notes are allowed; unsaved state and unpushed code are outside a confirmed saved-note recovery claim.,Controls select objective-scoped JSON notes and durable-owner reconciliation. S-046 runtime remains pending and S-048 remains planned. The cold-resume fixture passed its no-resumer rejection; no real host resume was run.,BLUEPRINT.md; LEXICON.md; workbench/docs/adr/0040-json-notepads-preserve-objective-continuity.md; workbench/specs/S-046-json-notepad-foundation/SPEC.md; workbench/specs/S-048-checkpoint-retirement/SPEC.md; workbench/sessions/.gitignore,WB-0040 WB-0035,Cross-provider resume tooling exists (tools/cross-provider-resume.mjs); the acceptance boundary is unstated.,"The smallest useful current treatment is the named target. This is a review recommendation, not newly accepted architecture.",Fresh-agent continuity applies to the whole Workbench. ADR-0040 covers unfinished local context; it must not become the sole owner of the product promise.,MERGE WITH ADR-PROPOSED-A,CAND-A,High,False,Accepted (historical source status),G-6a9ddf7c; G-6a9cff88; WB-0040,evidence/g-6a9ddf7c.md; evidence/g-6a9cff88.md; evidence/wb-0040.md,MERGE WITH CAND-A,CAND-A
R045,New live notepads use versioned JSON,Continuity & handoff,"Use a shared JSON schema and deterministic update/retrieval tooling, while a shared skill guides what is worth preserving.",Accepted; implementation pending,Selective structural retrieval and safe updates need more than unstructured Markdown conventions.,Historical local-only/checkpoint rules are narrowed by N/Q. Multiple notes are allowed; unsaved state and unpushed code are outside a confirmed saved-note recovery claim.,Controls select objective-scoped JSON notes and durable-owner reconciliation. S-046 runtime remains pending and S-048 remains planned. The cold-resume fixture passed its no-resumer rejection; no real host resume was run.,BLUEPRINT.md; LEXICON.md; workbench/docs/adr/0040-json-notepads-preserve-objective-continuity.md; workbench/specs/S-046-json-notepad-foundation/SPEC.md; workbench/specs/S-048-checkpoint-retirement/SPEC.md; workbench/sessions/.gitignore,WB-0040,"S-046 active, TK-002 ready; ADR-0040 accepted.",The historical concern has a current owner; no extra artifact follows merely from an ADR gap.,"Retain the prior disposition, bounded by the original proposition and current evidence. S-046 active, TK-002 ready; ADR-0040 accepted.",ALREADY COVERED,"ADR-0040, S-046",High,False,Accepted; implementation pending (historical source status),WB-0040; G-6a9e2919,evidence/wb-0040.md; evidence/g-6a9e2919.md,ALREADY COVERED,"ADR-0040, S-046"
R046,Editable resume state plus append-oriented work history,Continuity & handoff,"Keep a current resumption view and meaningful work history, including sources, corrections and uncertainty. Retrieve a bounded topic with enough context.",Accepted; implementation pending,An ever-growing transcript is expensive; a mutable summary alone loses why state changed.,Historical local-only/checkpoint rules are narrowed by N/Q. Multiple notes are allowed; unsaved state and unpushed code are outside a confirmed saved-note recovery claim.,Controls select objective-scoped JSON notes and durable-owner reconciliation. S-046 runtime remains pending and S-048 remains planned. The cold-resume fixture passed its no-resumer rejection; no real host resume was run.,BLUEPRINT.md; LEXICON.md; workbench/docs/adr/0040-json-notepads-preserve-objective-continuity.md; workbench/specs/S-046-json-notepad-foundation/SPEC.md; workbench/specs/S-048-checkpoint-retirement/SPEC.md; workbench/sessions/.gitignore,WB-0040,S-046 Decisions: resume view plus append-oriented record accepted; field names are engineering.,The historical concern has a current owner; no extra artifact follows merely from an ADR gap.,"Retain the prior disposition, bounded by the original proposition and current evidence. S-046 Decisions: resume view plus append-oriented record accepted; field names are engineering.",ALREADY COVERED,"ADR-0040, S-046",High,False,Accepted; implementation pending (historical source status),WB-0040,evidence/wb-0040.md,ALREADY COVERED,"ADR-0040, S-046"
R047,"Capture by survival value, not exhaustive event logging",Continuity & handoff,"Preserve what a future agent needs to continue the objective, without requiring a detailed record of every action or a notepad for every trivial task.",Accepted,Logging ceremony can consume the same context and effort the notepad is meant to save.,Historical local-only/checkpoint rules are narrowed by N/Q. Multiple notes are allowed; unsaved state and unpushed code are outside a confirmed saved-note recovery claim.,Controls select objective-scoped JSON notes and durable-owner reconciliation. S-046 runtime remains pending and S-048 remains planned. The cold-resume fixture passed its no-resumer rejection; no real host resume was run.,BLUEPRINT.md; LEXICON.md; workbench/docs/adr/0040-json-notepads-preserve-objective-continuity.md; workbench/specs/S-046-json-notepad-foundation/SPEC.md; workbench/specs/S-048-checkpoint-retirement/SPEC.md; workbench/sessions/.gitignore,WB-0040,"ADR-0040: 'JSON is a storage format, not unlimited storage'.",The historical concern has a current owner; no extra artifact follows merely from an ADR gap.,"Retain the prior disposition, bounded by the original proposition and current evidence. ADR-0040: 'JSON is a storage format, not unlimited storage'.",ALREADY COVERED,ADR-0040,High,False,Accepted (historical source status),WB-0040; G-6a9e03ef,evidence/wb-0040.md; evidence/g-6a9e03ef.md,ALREADY COVERED,ADR-0040
R048,Raw live notes remain local and non-authoritative,Continuity & handoff,"A live note records working understanding and Intent; it does not authorize work, prove its own assertions or become a raw Git artifact.",Accepted,"Committing provisional private material caused leaks, stale resurrection and confusion with accepted truth.",Historical local-only/checkpoint rules are narrowed by N/Q. Multiple notes are allowed; unsaved state and unpushed code are outside a confirmed saved-note recovery claim.,Controls select objective-scoped JSON notes and durable-owner reconciliation. S-046 runtime remains pending and S-048 remains planned. The cold-resume fixture passed its no-resumer rejection; no real host resume was run.,BLUEPRINT.md; LEXICON.md; workbench/docs/adr/0040-json-notepads-preserve-objective-continuity.md; workbench/specs/S-046-json-notepad-foundation/SPEC.md; workbench/specs/S-048-checkpoint-retirement/SPEC.md; workbench/sessions/.gitignore,WB-0028 WB-0040,Both accepted; sessions/.gitignore keeps grilling and handoffs untracked.,"The smallest useful current treatment is the named target. This is a review recommendation, not newly accepted architecture.",N explicitly permits configured private synchronization of live notes while excluding them from project Git. Their non-authority remains; blanket local-only wording needs a visible narrowing.,MERGE WITH ADR-PROPOSED-N,CAND-N; CAND-Q,High,False,OWNER DECIDED; promotion/implementation pending,WB-0040,evidence/wb-0040.md,ALREADY COVERED,"ADR-0028, ADR-0040"
R049,Dispose only after reconciliation; preserve unresolved material,Continuity & handoff,Delete resolved working notes only after important material reaches durable owners; partial promotion never justifies losing remaining branches or unfinished work.,Accepted,Disposable was interpreted as safe to discard before the information had survived elsewhere.,Historical local-only/checkpoint rules are narrowed by N/Q. Multiple notes are allowed; unsaved state and unpushed code are outside a confirmed saved-note recovery claim.,Controls select objective-scoped JSON notes and durable-owner reconciliation. S-046 runtime remains pending and S-048 remains planned. The cold-resume fixture passed its no-resumer rejection; no real host resume was run.,BLUEPRINT.md; LEXICON.md; workbench/docs/adr/0040-json-notepads-preserve-objective-continuity.md; workbench/specs/S-046-json-notepad-foundation/SPEC.md; workbench/specs/S-048-checkpoint-retirement/SPEC.md; workbench/sessions/.gitignore,WB-0040,S-046 records P-2 reconcile-before-delete under explicit make-it-so authority.,The historical concern has a current owner; no extra artifact follows merely from an ADR gap.,"Retain the prior disposition, bounded by the original proposition and current evidence. S-046 records P-2 reconcile-before-delete under explicit make-it-so authority.",ALREADY COVERED,"ADR-0040, S-046 P-2",High,False,Accepted (historical source status),WB-0040; C-019fa661-L37,evidence/wb-0040.md; evidence/c-019fa661-l37.md,ALREADY COVERED,"ADR-0040, S-046 P-2"
R050,A handoff is authored for a particular receiver and purpose,Continuity & handoff,"Select the relevant working slice, verified facts, exact next action, open decisions and exclusions. Reference existing owners instead of copying the whole transcript.",Historical skill contract; supporting owner direction,Authored transfer reduces rediscovery and preserves meaning that automatic summaries omit.,Historical local-only/checkpoint rules are narrowed by N/Q. Multiple notes are allowed; unsaved state and unpushed code are outside a confirmed saved-note recovery claim.,Controls select objective-scoped JSON notes and durable-owner reconciliation. S-046 runtime remains pending and S-048 remains planned. The cold-resume fixture passed its no-resumer rejection; no real host resume was run.,BLUEPRINT.md; LEXICON.md; workbench/docs/adr/0040-json-notepads-preserve-objective-continuity.md; workbench/specs/S-046-json-notepad-foundation/SPEC.md; workbench/specs/S-048-checkpoint-retirement/SPEC.md; workbench/sessions/.gitignore,WB-0035 WB-0040,A `handoff` skill exists in the personal home only; no Workbench-side handoff contract.,The historical concern has a current owner; no extra artifact follows merely from an ADR gap.,ADR-0040 and S-046 already require separately authored destination-specific handoffs. The absence of a bundled handoff skill is not absence of the contract.,ALREADY COVERED,ADR-0040; S-046,Medium,False,Historical skill contract; supporting owner direction (historical source status),H-HANDOFF; G-6a9ddf7c,evidence/h-handoff.md; evidence/g-6a9ddf7c.md,MERGE WITH CAND-A,CAND-A
R051,Checkpointing and handoff are not session termination,Continuity & handoff,"A checkpoint preserves resumability; a handoff can be prepared early, refreshed or used for a spin-off while the original session continues.",Historical skill contract; owner acceptance not established,Treating either as a mandatory final action makes them arrive after context has degraded and stops useful work unnecessarily.,Historical local-only/checkpoint rules are narrowed by N/Q. Multiple notes are allowed; unsaved state and unpushed code are outside a confirmed saved-note recovery claim.,Controls select objective-scoped JSON notes and durable-owner reconciliation. S-046 runtime remains pending and S-048 remains planned. The cold-resume fixture passed its no-resumer rejection; no real host resume was run.,BLUEPRINT.md; LEXICON.md; workbench/docs/adr/0040-json-notepads-preserve-objective-continuity.md; workbench/specs/S-046-json-notepad-foundation/SPEC.md; workbench/specs/S-048-checkpoint-retirement/SPEC.md; workbench/sessions/.gitignore,-,"RESOLVED 2026-09-07: the durable boundary becomes the promotion operation, not a checkpoint artifact. sessions/checkpoints retires as an active collection and freezes as read-only history; notepads and handoffs stay temporary sources.","The smallest useful current treatment is the named target. This is a review recommendation, not newly accepted architecture.","The original item is about save/handoff not terminating a session. Preserve that distinction; Q is a later explicit decision about durable promotion, not a rewrite of what R051 historically said.",KEEP - DOC,RUNBOOK.md; CAND-Q,High,False,Historical nontermination meaning retained; later CAND-Q owner decision separately recorded,H-HANDOFF,evidence/h-handoff.md,RESOLVED,ADR (CAND-Q)
R052,Preserve the entire question inventory and stable IDs,Continuity & handoff,"Keep original question identities, branches, locked answers and open decisions when merging or resuming grilling. A short current-status list does not replace the complete source.",Accepted,Earlier recovery attempts replaced dozens of decisions with a small subset and repeatedly re-asked settled questions.,Historical local-only/checkpoint rules are narrowed by N/Q. Multiple notes are allowed; unsaved state and unpushed code are outside a confirmed saved-note recovery claim.,Controls select objective-scoped JSON notes and durable-owner reconciliation. S-046 runtime remains pending and S-048 remains planned. The cold-resume fixture passed its no-resumer rejection; no real host resume was run.,BLUEPRINT.md; LEXICON.md; workbench/docs/adr/0040-json-notepads-preserve-objective-continuity.md; workbench/specs/S-046-json-notepad-foundation/SPEC.md; workbench/specs/S-048-checkpoint-retirement/SPEC.md; workbench/sessions/.gitignore,-,ADR-0040 requires preserving corrections but not stable question identity across merges.,"The smallest useful current treatment is the named target. This is a review recommendation, not newly accepted architecture.","Preserve complete source IDs, branches, corrections and statuses. A short derived current view must link to retained source rather than replace it.",MERGE WITH ADR-0040,ADR-0040; S-046,MediumHigh,False,Accepted (historical source status),D-GP; H-SC; C-019f77b1-L9,evidence/d-gp.md; evidence/h-sc.md; evidence/c-019f77b1-l9.md,MERGE WITH ADR-0040,ADR-0040 amendment
R053,One live session record; duplicates must declare supersession,Continuity & handoff,Merge related interviews when requested and make the active resume source unambiguous. Retain truthful superseded evidence without letting stale copies silently become the next entrypoint.,Accepted,The skill's old diary path repeatedly led agents to an obsolete notepad.,Historical local-only/checkpoint rules are narrowed by N/Q. Multiple notes are allowed; unsaved state and unpushed code are outside a confirmed saved-note recovery claim.,Controls select objective-scoped JSON notes and durable-owner reconciliation. S-046 runtime remains pending and S-048 remains planned. The cold-resume fixture passed its no-resumer rejection; no real host resume was run.,BLUEPRINT.md; LEXICON.md; workbench/docs/adr/0040-json-notepads-preserve-objective-continuity.md; workbench/specs/S-046-json-notepad-foundation/SPEC.md; workbench/specs/S-048-checkpoint-retirement/SPEC.md; workbench/sessions/.gitignore,WB-0040,"VERIFIED DEFECT: installed personal checkpoint/make-it-so/grilling skills still name `workbench/sessions/grilling diary/`, which does not exist; manifest declares `workbench/sessions/grilling`.","The smallest useful current treatment is the named target. This is a review recommendation, not newly accepted architecture.","The original requires an unambiguous active resume source, not exactly one note. S-046 explicitly permits several linked notes per objective; stale path/source migration is a separate F concern.",KEEP - CONTRACT,S-046; CAND-F,High,False,OWNER DECIDED; promotion/implementation pending,H-SC; H-DG,evidence/h-sc.md; evidence/h-dg.md,KEEP - CONTRACT,S-046 schema + installed-skill repair
R054,"Cross-host transport is explicit, not incidental Git sync",Continuity & handoff,"The owner wants continuity across machines. Historical live-note transfer used explicit handoff, while the new JSON ADR leaves transport unselected.",Open choice,Local persistence and cross-host recoverability are different guarantees.,Historical local-only/checkpoint rules are narrowed by N/Q. Multiple notes are allowed; unsaved state and unpushed code are outside a confirmed saved-note recovery claim.,Controls select objective-scoped JSON notes and durable-owner reconciliation. S-046 runtime remains pending and S-048 remains planned. The cold-resume fixture passed its no-resumer rejection; no real host resume was run.,BLUEPRINT.md; LEXICON.md; workbench/docs/adr/0040-json-notepads-preserve-objective-continuity.md; workbench/specs/S-046-json-notepad-foundation/SPEC.md; workbench/specs/S-048-checkpoint-retirement/SPEC.md; workbench/sessions/.gitignore,WB-0040,"RESOLVED 2026-09-07: a separate private `workbench_sessions` Git repository keyed by a stable per-Workbench identity, synced by a shared tool. Optional capability; ordinary local operation stays independent of it.","The smallest useful current treatment is the named target. This is a review recommendation, not newly accepted architecture.",Direct owner message selects private Git transport and its boundaries. Existing local-only controls and runtime have not yet implemented this choice.,KEEP - ADR,CAND-N,High,False,OWNER DECIDED; promotion/implementation pending,H-HANDOFF; WB-0040; C-019f3b12-L6,evidence/h-handoff.md; evidence/wb-0040.md; evidence/c-019f3b12-l6.md,RESOLVED,ADR (CAND-N)
R055,Durable evidence must survive its stated recovery boundary,Continuity & handoff,A local ignored file is not evidence recoverable from a clean clone. A pushed commit is not an installed/runtime result. State exactly what each reference preserves.,Accepted,"Claims of durability often exceeded the actual file, branch or deployment boundary.",Historical local-only/checkpoint rules are narrowed by N/Q. Multiple notes are allowed; unsaved state and unpushed code are outside a confirmed saved-note recovery claim.,Controls select objective-scoped JSON notes and durable-owner reconciliation. S-046 runtime remains pending and S-048 remains planned. The cold-resume fixture passed its no-resumer rejection; no real host resume was run.,BLUEPRINT.md; LEXICON.md; workbench/docs/adr/0040-json-notepads-preserve-objective-continuity.md; workbench/specs/S-046-json-notepad-foundation/SPEC.md; workbench/specs/S-048-checkpoint-retirement/SPEC.md; workbench/sessions/.gitignore,WB-0028 WB-0031,ADR-0028 covers the untracked case; release-vs-installed-vs-running is only in AU-0004 downstream.,"The smallest useful current treatment is the named target. This is a review recommendation, not newly accepted architecture.","Each evidence claim names the state it proves. Historical adoption provenance cannot stand in for current tools, skills, runtime or downstream acceptance.",MERGE WITH ADR-PROPOSED-H,CAND-H,High,False,Accepted (historical source status),WB-0028; D-FLIGHT,evidence/wb-0028.md; evidence/d-flight.md,MERGE WITH CAND-H,CAND-H
R056,Small reusable primitives and thin entrypoints,Skill composition & bundle,"Build skills as reusable behavioral primitives composed by thin entrypoints and compound flows, rather than restating each child's procedure inside every orchestrator.",Strong preference,The owner repeatedly sought reusable skills to replace repeated prompting; unreachable children caused silent composition collapse.,"Source ownership, installed state and host discovery are different. F selects one global core release; old duplicate personal sources and equality-only version diagnostics are migration concerns.","17 source core skills are declared; promote/save are absent. Installer tests passed 12/12, including Git-owned and symlinked roots. README/Runbook refusal prose is stale; explicit replacement remains a separate path. No new compatibility-range implementation was verified.",skills/README.md; workbench/manifest.json; tools/core-skill-installer.mjs; tools/skill-presence.mjs; tools/test-core-skill-installer.mjs,-,17-skill closed bundle exists; no composition contract is written for it.,"The smallest useful current treatment is the named target. This is a review recommendation, not newly accepted architecture.",Composition and source ownership can change independently. Preserve reusable primitives and distinguish invocation from authorization; do not adopt a metadata schema merely because one was suggested.,MERGE WITH ADR-PROPOSED-E,CAND-E,Medium,False,Strong preference (historical source status),G-6a646af5; G-6a9d38cd,evidence/g-6a646af5.md; evidence/g-6a9d38cd.md,MERGE WITH CAND-E,CAND-E
R057,"Invocation, composition and authorization are separate axes",Skill composition & bundle,"Owner-facing invocation, a parent skill's ability to reach a child, and authority for the child's effects must be handled separately.",Strong preference,Gating all primitives broke composition; exposing an owner command let the model appear to authorize itself.,"Source ownership, installed state and host discovery are different. F selects one global core release; old duplicate personal sources and equality-only version diagnostics are migration concerns.","17 source core skills are declared; promote/save are absent. Installer tests passed 12/12, including Git-owned and symlinked roots. README/Runbook refusal prose is stale; explicit replacement remains a separate path. No new compatibility-range implementation was verified.",skills/README.md; workbench/manifest.json; tools/core-skill-installer.mjs; tools/skill-presence.mjs; tools/test-core-skill-installer.mjs,-,`promote` uses disable-model-invocation:true; the axis distinction is real but undocumented upstream.,"The smallest useful current treatment is the named target. This is a review recommendation, not newly accepted architecture.",Composition and source ownership can change independently. Preserve reusable primitives and distinguish invocation from authorization; do not adopt a metadata schema merely because one was suggested.,MERGE WITH ADR-PROPOSED-E,CAND-E,Medium,False,Strong preference (historical source status),G-6a646af5; C-019f6974-L93,evidence/g-6a646af5.md; evidence/c-019f6974-l93.md,MERGE WITH CAND-E,CAND-E
R058,A primitive is agnostic to its first caller,Skill composition & bundle,"Reusable checkpoint, save, navigation and handoff primitives should accept the smallest meaningful scope rather than hardcoding one caller's paths or data shape.",Strong preference,A checkpoint implementation tied to grilling could not support other work.,"Source ownership, installed state and host discovery are different. F selects one global core release; old duplicate personal sources and equality-only version diagnostics are migration concerns.","17 source core skills are declared; promote/save are absent. Installer tests passed 12/12, including Git-owned and symlinked roots. README/Runbook refusal prose is stale; explicit replacement remains a separate path. No new compatibility-range implementation was verified.",skills/README.md; workbench/manifest.json; tools/core-skill-installer.mjs; tools/skill-presence.mjs; tools/test-core-skill-installer.mjs,-,`save` is caller-agnostic by design in the personal home; the rule is not stated upstream.,"The smallest useful current treatment is the named target. This is a review recommendation, not newly accepted architecture.",Composition and source ownership can change independently. Preserve reusable primitives and distinguish invocation from authorization; do not adopt a metadata schema merely because one was suggested.,MERGE WITH ADR-PROPOSED-E,CAND-E,Medium,False,Strong preference (historical source status),G-6a646af5; H-HANDOFF,evidence/g-6a646af5.md; evidence/h-handoff.md,MERGE WITH CAND-E,CAND-E
R059,Compose within existing authorization without repeating approval,Skill composition & bundle,"A child may use the parent's already authorized scope; a genuinely new effect, destination or consequential decision needs its own resolution.",Strong preference,"Repeated approval at every primitive prevents useful composition, while unlimited inherited authority is unsafe.","Source ownership, installed state and host discovery are different. F selects one global core release; old duplicate personal sources and equality-only version diagnostics are migration concerns.","17 source core skills are declared; promote/save are absent. Installer tests passed 12/12, including Git-owned and symlinked roots. README/Runbook refusal prose is stale; explicit replacement remains a separate path. No new compatibility-range implementation was verified.",skills/README.md; workbench/manifest.json; tools/core-skill-installer.mjs; tools/skill-presence.mjs; tools/test-core-skill-installer.mjs,WB-0027,ADR-0027 gives the authority order but no scope-inheritance stop condition for composed skills.,"The smallest useful current treatment is the named target. This is a review recommendation, not newly accepted architecture.",Composition and source ownership can change independently. Preserve reusable primitives and distinguish invocation from authorization; do not adopt a metadata schema merely because one was suggested.,MERGE WITH ADR-PROPOSED-E,CAND-E,Medium,False,Strong preference (historical source status),G-6a646af5; B-BOUNDARIES,evidence/g-6a646af5.md; evidence/b-boundaries.md,MERGE WITH CAND-E,CAND-E
R060,Skill callability needs verification at the host boundary,Skill composition & bundle,"Check that invoked children are actually discoverable and callable on supported providers, and demonstrate composition rather than trusting descriptive prose.",Strong preference,"A skill could exist in source but not in discovery, or an orchestrator could paraphrase it instead of invoking it.","Source ownership, installed state and host discovery are different. F selects one global core release; old duplicate personal sources and equality-only version diagnostics are migration concerns.","17 source core skills are declared; promote/save are absent. Installer tests passed 12/12, including Git-owned and symlinked roots. README/Runbook refusal prose is stale; explicit replacement remains a separate path. No new compatibility-range implementation was verified.",skills/README.md; workbench/manifest.json; tools/core-skill-installer.mjs; tools/skill-presence.mjs; tools/test-core-skill-installer.mjs,WB-0005,"tools/test-symlink-invocation.mjs and test-skill-catalog.mjs check presence and discovery roots, not that a parent actually invokes a child.","The smallest useful current treatment is the named target. This is a review recommendation, not newly accepted architecture.",Host callability is a tested-capability claim under P. E explains composition; discovery/text tests alone do not establish invocation.,MERGE WITH ADR-PROPOSED-P,CAND-P; CAND-E,MediumHigh,False,OWNER DECIDED; promotion/implementation pending,G-6a646af5; D-CIC,evidence/g-6a646af5.md; evidence/d-cic.md,KEEP - ADR,CAND-E
R061,Skill metadata must distinguish invocation from mere mention,Skill composition & bundle,"A prose mention may recommend, describe or warn about a skill without calling it; a checker must not treat every name as a required invocation edge.",Open choice,The proposed grep-based dependency test would reject legitimate routers and documentation.,"Source ownership, installed state and host discovery are different. F selects one global core release; old duplicate personal sources and equality-only version diagnostics are migration concerns.","17 source core skills are declared; promote/save are absent. Installer tests passed 12/12, including Git-owned and symlinked roots. README/Runbook refusal prose is stale; explicit replacement remains a separate path. No new compatibility-range implementation was verified.",skills/README.md; workbench/manifest.json; tools/core-skill-installer.mjs; tools/skill-presence.mjs; tools/test-core-skill-installer.mjs,-,"The invokes/routes/reads schema was an assistant proposal, never owner-accepted; a grep-based edge test would fail legitimate routers.","The smallest useful current treatment is the named target. This is a review recommendation, not newly accepted architecture.","Keep the valid distinction between mention, routing and invocation. Reject treating the assistant-proposed metadata/grep schema as accepted architecture; do not reject the whole historical concern.",KEEP - DOC,skills composition guidance; CAND-E,MediumHigh,False,Open choice (historical source status),G-6a646af5,evidence/g-6a646af5.md,REJECT,(problem retained in CAND-E)
R062,Skill names should avoid accidental everyday triggers,Skill composition & bundle,Choose discoverable names that compress useful behavior without firing merely because the owner uses an ordinary verb in conversation.,Strong preference,"The historical implement name was reported as overtriggering; later installations still use implement, so retirement was not a permanent settled outcome.","Source ownership, installed state and host discovery are different. F selects one global core release; old duplicate personal sources and equality-only version diagnostics are migration concerns.","17 source core skills are declared; promote/save are absent. Installer tests passed 12/12, including Git-owned and symlinked roots. README/Runbook refusal prose is stale; explicit replacement remains a separate path. No new compatibility-range implementation was verified.",skills/README.md; workbench/manifest.json; tools/core-skill-installer.mjs; tools/skill-presence.mjs; tools/test-core-skill-installer.mjs,-,"`implement` is still in the required bundle, so the historical retirement was not a settled outcome.","The smallest useful current treatment is the named target. This is a review recommendation, not newly accepted architecture.","Retain the prior disposition, bounded by the original proposition and current evidence. `implement` is still in the required bundle, so the historical retirement was not a settled outcome.",KEEP - DOC,skills/README.md,Medium,False,Strong preference (historical source status),G-6a646af5,evidence/g-6a646af5.md,KEEP - DOC,skills/README.md
R063,Delete empty document stubs instead of implying completeness,Skill composition & bundle,A generated document should omit inapplicable sections rather than leave empty headings that appear complete to a later agent.,Strong preference,An empty stub can stop retrieval more effectively than an obviously missing section.,"Source ownership, installed state and host discovery are different. F selects one global core release; old duplicate personal sources and equality-only version diagnostics are migration concerns.","17 source core skills are declared; promote/save are absent. Installer tests passed 12/12, including Git-owned and symlinked roots. README/Runbook refusal prose is stale; explicit replacement remains a separate path. No new compatibility-range implementation was verified.",skills/README.md; workbench/manifest.json; tools/core-skill-installer.mjs; tools/skill-presence.mjs; tools/test-core-skill-installer.mjs,-,"Cheap, checkable writing convention; no ADR-level constraint.","The smallest useful current treatment is the named target. This is a review recommendation, not newly accepted architecture.","Omit inapplicable sections where appropriate. Do not generalize this to deleting required empty lanes, mandatory collections or intentional schema/template scaffolding.",KEEP - DOC,skills authoring guidance,High,False,Strong preference (historical source status),G-6a646af5; H-HANDOFF,evidence/g-6a646af5.md; evidence/h-handoff.md,KEEP - DOC,skills/README.md
R064,Stances change method without changing authority,Skill composition & bundle,"Builder, Auditor, Reviewer and Reconciler are portable approaches assigned by the SPEC/TASK. Loading a stance does not spawn a worker or transfer permission.",Accepted,Permanent role departments and mandatory role-change handoffs added bureaucracy to one agent's task.,"Source ownership, installed state and host discovery are different. F selects one global core release; old duplicate personal sources and equality-only version diagnostics are migration concerns.","17 source core skills are declared; promote/save are absent. Installer tests passed 12/12, including Git-owned and symlinked roots. README/Runbook refusal prose is stale; explicit replacement remains a separate path. No new compatibility-range implementation was verified.",skills/README.md; workbench/manifest.json; tools/core-skill-installer.mjs; tools/skill-presence.mjs; tools/test-core-skill-installer.mjs,WB-0036,Four stance skills present in skills/ and in skillPolicy.required.,The historical concern has a current owner; no extra artifact follows merely from an ADR gap.,"Retain the prior disposition, bounded by the original proposition and current evidence. Four stance skills present in skills/ and in skillPolicy.required.",ALREADY COVERED,ADR-0036,High,False,Accepted (historical source status),WB-0036; C-a9e38fdd-L87,evidence/wb-0036.md; evidence/c-a9e38fdd-l87.md,ALREADY COVERED,ADR-0036
R065,Grilling establishes shared understanding before promotion,Skill composition & bundle,Research facts before asking; expose the decision tree; ask one consequential question at a time with a recommendation; preserve the answer before continuing.,Accepted,The owner wanted to decide architecture without repeatedly supplying discoverable facts or recovering lost answers.,"Source ownership, installed state and host discovery are different. F selects one global core release; old duplicate personal sources and equality-only version diagnostics are migration concerns.","17 source core skills are declared; promote/save are absent. Installer tests passed 12/12, including Git-owned and symlinked roots. README/Runbook refusal prose is stale; explicit replacement remains a separate path. No new compatibility-range implementation was verified.",skills/README.md; workbench/manifest.json; tools/core-skill-installer.mjs; tools/skill-presence.mjs; tools/test-core-skill-installer.mjs,WB-0035,grilling ships in the bundle; AGENTS forbids requiring it for routine decisions.,The historical concern has a current owner; no extra artifact follows merely from an ADR gap.,"Retain the prior disposition, bounded by the original proposition and current evidence. grilling ships in the bundle; AGENTS forbids requiring it for routine decisions.",ALREADY COVERED,"ADR-0035, grilling skill",MediumHigh,False,Accepted (historical source status),C-019f68ef-L9; D-GP,evidence/c-019f68ef-l9.md; evidence/d-gp.md,ALREADY COVERED,"ADR-0035, grilling skill"
R066,Plan unknown work through decision tasks before implementation,Skill composition & bundle,"When architecture is unresolved, make the next bounded outcome an answered decision or experiment, not a fabricated implementation ticket with guessed requirements.",Strong preference,Large speculative plans made downstream execution look ready before prerequisites were understood.,"Source ownership, installed state and host discovery are different. F selects one global core release; old duplicate personal sources and equality-only version diagnostics are migration concerns.","17 source core skills are declared; promote/save are absent. Installer tests passed 12/12, including Git-owned and symlinked roots. README/Runbook refusal prose is stale; explicit replacement remains a separate path. No new compatibility-range implementation was verified.",skills/README.md; workbench/manifest.json; tools/core-skill-installer.mjs; tools/skill-presence.mjs; tools/test-core-skill-installer.mjs,-,AGENTS already forbids manufacturing a queue; the positive pattern is unwritten.,"The smallest useful current treatment is the named target. This is a review recommendation, not newly accepted architecture.","Retain the prior disposition, bounded by the original proposition and current evidence. AGENTS already forbids manufacturing a queue; the positive pattern is unwritten.",KEEP - DOC,RUNBOOK / wayfinder,Medium,False,Strong preference (historical source status),C-8ee94cac-L42; C-8ee94cac-L51,evidence/c-8ee94cac-l42.md; evidence/c-8ee94cac-l51.md,KEEP - DOC,RUNBOOK / wayfinder
R067,Lifecycle stages remain independently usable skills,Skill composition & bundle,A guidebook composes separately invokable skills; each skill should work in its declared context without requiring the reader to adopt the entire guidebook as authority.,Accepted,The seven-stage workflow could not be exercised when stages existed only as prose or rigid orchestration.,"Source ownership, installed state and host discovery are different. F selects one global core release; old duplicate personal sources and equality-only version diagnostics are migration concerns.","17 source core skills are declared; promote/save are absent. Installer tests passed 12/12, including Git-owned and symlinked roots. README/Runbook refusal prose is stale; explicit replacement remains a separate path. No new compatibility-range implementation was verified.",skills/README.md; workbench/manifest.json; tools/core-skill-installer.mjs; tools/skill-presence.mjs; tools/test-core-skill-installer.mjs,-,Flight stages live only in the personal skills home; the generic lesson belongs to CAND-E.,"The smallest useful current treatment is the named target. This is a review recommendation, not newly accepted architecture.","The original proposition is generic independent skill usability, although its examples are Flight-specific. Preserve that reusable principle under E and leave the seven-stage machinery outside the core.",MERGE WITH ADR-PROPOSED-E,CAND-E,Medium,False,Accepted (historical source status),D-FLIGHT; C-01a04a19-L9; C-01a04a99-L9,evidence/d-flight.md; evidence/c-01a04a19-l9.md; evidence/c-01a04a99-l9.md,MERGE WITH CAND-R,CAND-R
R068,One stable shared discovery home across providers,Skill composition & bundle,"Installed personal skills should remain discoverable outside GPT_OS through a stable shared home, with provider discovery routes pointing to it.",Accepted,The skill catalog disappeared or became project-scoped when a Foundry deployment or publisher changed.,"Source ownership, installed state and host discovery are different. F selects one global core release; old duplicate personal sources and equality-only version diagnostics are migration concerns.","17 source core skills are declared; promote/save are absent. Installer tests passed 12/12, including Git-owned and symlinked roots. README/Runbook refusal prose is stale; explicit replacement remains a separate path. No new compatibility-range implementation was verified.",skills/README.md; workbench/manifest.json; tools/core-skill-installer.mjs; tools/skill-presence.mjs; tools/test-core-skill-installer.mjs,-,"RESOLVED 2026-09-07: three ownership scopes, two distribution tiers. KaydenClark/skills stays the canonical home for personally accepted skills and is optional from the product's view; global availability does not make a skill a Workbench feature.","The smallest useful current treatment is the named target. This is a review recommendation, not newly accepted architecture.","Use the later direct answer: one selected global core version, compatibility range, room-local source and adapters, and removal of legacy duplicate core sources from the personal repository.",KEEP - ADR,CAND-F,High,False,OWNER DECIDED; promotion/implementation pending,C-fba9567e-L3; C-a9e38fdd-L152,evidence/c-fba9567e-l3.md; evidence/c-a9e38fdd-l152.md,RESOLVED,ADR (CAND-F)
R069,Bundle the portable core; install missing skills without overwriting custom ones,Skill composition & bundle,The Workbench ships its own core skill source. Installation fills missing core skills while preserving existing user-owned skills; an external shared-skills repository is not a required product dependency.,Accepted,The earlier external dependency made fresh setup incomplete and the publisher risked destroying customized skills.,"Source ownership, installed state and host discovery are different. F selects one global core release; old duplicate personal sources and equality-only version diagnostics are migration concerns.","17 source core skills are declared; promote/save are absent. Installer tests passed 12/12, including Git-owned and symlinked roots. README/Runbook refusal prose is stale; explicit replacement remains a separate path. No new compatibility-range implementation was verified.",skills/README.md; workbench/manifest.json; tools/core-skill-installer.mjs; tools/skill-presence.mjs; tools/test-core-skill-installer.mjs,WB-0036,"skills/ ships the core; normalSetup=presence-only, updates=explicit-only; test-core-skill-installer covers non-overwrite.",The historical concern has a current owner; no extra artifact follows merely from an ADR gap.,"Retain the prior disposition, bounded by the original proposition and current evidence. skills/ ships the core; normalSetup=presence-only, updates=explicit-only; test-core-skill-installer covers non-overwrite.",ALREADY COVERED,"ADR-0036, skillPolicy",High,False,Accepted (historical source status),C-01a05af1-L394; C-01a05af1-L569; B-LAYOUT; G-6a9de4cc,evidence/c-01a05af1-l394.md; evidence/c-01a05af1-l569.md; evidence/b-layout.md; evidence/g-6a9de4cc.md,ALREADY COVERED,"ADR-0036, skillPolicy"
R070,"Genesis, adoption and upgrade are different operations","Adoption, upgrade & installed integrity","Creating a new room, adding the harness to an existing project and updating an installed harness have different input and preservation contracts.",Accepted,Treating an existing project like an empty template risks loss or repeated setup.,"Source release, installed generation, runtime and target containment require separate evidence; unavailable state must not be filled by inference.",Setup tools and distinct source/installed receipts exist. Adoption and upgrade recovery still use collections.checkpoints. Fidelity tests passed 15/15; this report does not certify a new upgrade or deployment.,RUNBOOK.md; tools/workbench-adoption.mjs; tools/workbench-upgrade.mjs; workbench/docs/adr/0031-runtime-tools-are-workbench-managed-in-the-tools-lane.md; workbench/specs/S-041-recorded-baseline-availability/SPEC.md; tools/control-fidelity.mjs,-,"genesis, adoption and update-harness are three separate skills with different contracts and no ADR stating why.","The smallest useful current treatment is the named target. This is a review recommendation, not newly accepted architecture.",Different preconditions and allowed effects are a durable architectural choice. Link runtime ownership to ADR-0031; source validation is required for every consumed lane.,KEEP - ADR,CAND-G,High,False,Accepted (historical source status),C-019f6974-L145; C-019f6974-L165; C-019f5b18-L9,evidence/c-019f6974-l145.md; evidence/c-019f6974-l165.md; evidence/c-019f5b18-l9.md,KEEP - ADR,CAND-G
R071,Adopt real projects without erasing their history,"Adoption, upgrade & installed integrity",Reconcile an existing project's controls and arbitrary prior content into the Workbench structure with a lossless migration and explicit provenance.,Accepted,"The harness should augment working projects, not require a blank repository or replace their domain knowledge.","Source release, installed generation, runtime and target containment require separate evidence; unavailable state must not be filled by inference.",Setup tools and distinct source/installed receipts exist. Adoption and upgrade recovery still use collections.checkpoints. Fidelity tests passed 15/15; this report does not certify a new upgrade or deployment.,RUNBOOK.md; tools/workbench-adoption.mjs; tools/workbench-upgrade.mjs; workbench/docs/adr/0031-runtime-tools-are-workbench-managed-in-the-tools-lane.md; workbench/specs/S-041-recorded-baseline-availability/SPEC.md; tools/control-fidelity.mjs,WB-0031 WB-0032,workbench-adoption.mjs migrate implements lossless migration; the invariant has no ADR.,"The smallest useful current treatment is the named target. This is a review recommendation, not newly accepted architecture.",Different preconditions and allowed effects are a durable architectural choice. Link runtime ownership to ADR-0031; source validation is required for every consumed lane.,MERGE WITH ADR-PROPOSED-G,CAND-G,High,False,Accepted (historical source status),C-01a05a93-L114; WB-0032,evidence/c-01a05a93-l114.md; evidence/wb-0032.md,MERGE WITH CAND-G,CAND-G
R072,Managed runtime files have one owner and explicit update receipts,"Adoption, upgrade & installed integrity","Install portable runtime tools in the manifest tools lane with release, commit and per-file hashes. Preserve application tools; updates back up managed files and record rollback.",Accepted,Shared ownership and symlinked product dependencies made upgrades unsafe and consumers nonportable.,"Source release, installed generation, runtime and target containment require separate evidence; unavailable state must not be filled by inference.",Setup tools and distinct source/installed receipts exist. Adoption and upgrade recovery still use collections.checkpoints. Fidelity tests passed 15/15; this report does not certify a new upgrade or deployment.,RUNBOOK.md; tools/workbench-adoption.mjs; tools/workbench-upgrade.mjs; workbench/docs/adr/0031-runtime-tools-are-workbench-managed-in-the-tools-lane.md; workbench/specs/S-041-recorded-baseline-availability/SPEC.md; tools/control-fidelity.mjs,WB-0031,tools lane with release/commit/per-file hashes; root tools/ stays application-owned. Dogfooded here.,The historical concern has a current owner; no extra artifact follows merely from an ADR gap.,"Retain the prior disposition, bounded by the original proposition and current evidence. tools lane with release/commit/per-file hashes; root tools/ stays application-owned. Dogfooded here.",ALREADY COVERED,ADR-0031,High,False,Accepted (historical source status),WB-0031,evidence/wb-0031.md,ALREADY COVERED,ADR-0031
R073,Preflight every consumed source lane before mutation,"Adoption, upgrade & installed integrity","Check the actual source identity and cleanliness of the manifest, templates, runtime tools and skills consumed by an upgrade before changing a consumer.",Accepted,Checking only one lane allowed a valid-looking receipt to accompany files from dirty or mismatched sources.,"Source release, installed generation, runtime and target containment require separate evidence; unavailable state must not be filled by inference.",Setup tools and distinct source/installed receipts exist. Adoption and upgrade recovery still use collections.checkpoints. Fidelity tests passed 15/15; this report does not certify a new upgrade or deployment.,RUNBOOK.md; tools/workbench-adoption.mjs; tools/workbench-upgrade.mjs; workbench/docs/adr/0031-runtime-tools-are-workbench-managed-in-the-tools-lane.md; workbench/specs/S-041-recorded-baseline-availability/SPEC.md; tools/control-fidelity.mjs,WB-0031,S-032 upgrade-route-and-source-provenance implements multi-lane preflight; no ADR.,"The smallest useful current treatment is the named target. This is a review recommendation, not newly accepted architecture.",Different preconditions and allowed effects are a durable architectural choice. Link runtime ownership to ADR-0031; source validation is required for every consumed lane.,MERGE WITH ADR-PROPOSED-G,CAND-G,High,False,Accepted (historical source status),S-036,evidence/s-036.md,MERGE WITH CAND-G,CAND-G
R074,"Release, adopted files and running behavior are separate states","Adoption, upgrade & installed integrity","Keep released version, actually installed version, reviewed version and running source distinct. Candidate tests are not installed-state reviews.",Accepted,Publishing or passing source tests did not establish downstream adoption or deployment.,"Source release, installed generation, runtime and target containment require separate evidence; unavailable state must not be filled by inference.",Setup tools and distinct source/installed receipts exist. Adoption and upgrade recovery still use collections.checkpoints. Fidelity tests passed 15/15; this report does not certify a new upgrade or deployment.,RUNBOOK.md; tools/workbench-adoption.mjs; tools/workbench-upgrade.mjs; workbench/docs/adr/0031-runtime-tools-are-workbench-managed-in-the-tools-lane.md; workbench/specs/S-041-recorded-baseline-availability/SPEC.md; tools/control-fidelity.mjs,AU-0004 WB-0031,AU-0004 holds this downstream only; upstream has S-039/S-042 implementing it with no ADR.,"The smallest useful current treatment is the named target. This is a review recommendation, not newly accepted architecture.","Each evidence claim names the state it proves. Historical adoption provenance cannot stand in for current tools, skills, runtime or downstream acceptance.",KEEP - ADR,CAND-H,High,False,Accepted (historical source status),AU-0004; D-CIC,evidence/au-0004.md; evidence/d-cic.md,KEEP - ADR,CAND-H
R075,Use the manifest's exact integration branch,"Adoption, upgrade & installed integrity","Resolve the integration destination by exact case from the room's manifest, separately from its default branch; declaration does not itself create that branch.",Accepted,"Some rooms used Integration, some integration, and some had no usable review destination.","Source release, installed generation, runtime and target containment require separate evidence; unavailable state must not be filled by inference.",Setup tools and distinct source/installed receipts exist. Adoption and upgrade recovery still use collections.checkpoints. Fidelity tests passed 15/15; this report does not certify a new upgrade or deployment.,RUNBOOK.md; tools/workbench-adoption.mjs; tools/workbench-upgrade.mjs; workbench/docs/adr/0031-runtime-tools-are-workbench-managed-in-the-tools-lane.md; workbench/specs/S-041-recorded-baseline-availability/SPEC.md; tools/control-fidelity.mjs,WB-0039,manifest git.integrationBranch = integration; doctor registers both diagnostics.,The historical concern has a current owner; no extra artifact follows merely from an ADR gap.,"Retain the prior disposition, bounded by the original proposition and current evidence. manifest git.integrationBranch = integration; doctor registers both diagnostics.",ALREADY COVERED,ADR-0039,High,False,Accepted (historical source status),WB-0039,evidence/wb-0039.md,ALREADY COVERED,ADR-0039
R076,Review the immutable integration candidate independently,"Delivery, remote recovery & integration",Separate-context review occurs when branches combine at integration. A changed candidate invalidates the verdict; earlier checks need not become independent reviews per ticket.,Accepted,Reviewing a nearby SHA or every intermediate change respectively weakens assurance or creates repeated stops.,"Source release, installed generation, runtime and target containment require separate evidence; unavailable state must not be filled by inference.","Current rules require immutable review, destination containment and guarded cleanup. Live remote integration equals the inspected HEAD; main is a different commit. No merge, publication or cleanup was performed.",AGENTS.md; workbench/docs/adr/0037-independent-review-at-integration.md; workbench/docs/adr/0039-the-integration-branch-is-a-manifest-declared-fact.md,WB-0037,ADR-0037 accepted; AGENTS Branch Completion carries it.,The historical concern has a current owner; no extra artifact follows merely from an ADR gap.,"Retain the prior disposition, bounded by the original proposition and current evidence. ADR-0037 accepted; AGENTS Branch Completion carries it.",ALREADY COVERED,ADR-0037,High,False,Accepted (historical source status),WB-0037; D-FLIGHT,evidence/wb-0037.md; evidence/d-flight.md,ALREADY COVERED,ADR-0037
R077,Target movement requires review of the resulting candidate,"Delivery, remote recovery & integration","If integration changes the candidate's content, test and review the exact result before advancing the destination. Do not reuse a verdict merely because the original feature head was reviewed.",Accepted,A clean review of one object does not cover another merge result.,"Source release, installed generation, runtime and target containment require separate evidence; unavailable state must not be filled by inference.","Current rules require immutable review, destination containment and guarded cleanup. Live remote integration equals the inspected HEAD; main is a different commit. No merge, publication or cleanup was performed.",AGENTS.md; workbench/docs/adr/0037-independent-review-at-integration.md; workbench/docs/adr/0039-the-integration-branch-is-a-manifest-declared-fact.md,WB-0037,ADR-0037 says a changed candidate needs fresh review but does not name target movement as the trigger.,"The smallest useful current treatment is the named target. This is a review recommendation, not newly accepted architecture.",Refresh review when integration produces a changed candidate. Target movement is the check trigger; do not manufacture a new mandatory full review when evidence proves the assessed result is unchanged.,MERGE WITH ADR-0037,ADR-0037,High,False,Accepted (historical source status),D-FLIGHT; D-LIFEV2,evidence/d-flight.md; evidence/d-lifev2.md,MERGE WITH ADR-0037,ADR-0037 amendment
R078,Remote recovery is proven by the actual ref and object,"Delivery, remote recovery & integration",Verify the intended remote reference contains the exact candidate. Missing tracking metadata or a stale fetch refspec is not proof that work is unpushed.,Accepted,The record contains repeated false unsaved-work alarms despite matching remote SHAs.,"Source release, installed generation, runtime and target containment require separate evidence; unavailable state must not be filled by inference.","Current rules require immutable review, destination containment and guarded cleanup. Live remote integration equals the inspected HEAD; main is a different commit. No merge, publication or cleanup was performed.",AGENTS.md; workbench/docs/adr/0037-independent-review-at-integration.md; workbench/docs/adr/0039-the-integration-branch-is-a-manifest-declared-fact.md,-,"AGENTS says a tracking upstream is not proof of containment, but no ADR carries the evidence-identity rationale; the /land skill exists only in the personal home.","The smallest useful current treatment is the named target. This is a review recommendation, not newly accepted architecture.","Exact candidate, actual destination containment and safe cleanup already have behavioral owners. Add rationale there and preserve remote uncertainty; do not create another generic completion gate.",MERGE WITH ADR-0037,ADR-0037; CAND-H,High,False,Accepted (historical source status),D-V3; C-fba9567e-L3; D-INTEGRATION,evidence/d-v3.md; evidence/c-fba9567e-l3.md; evidence/d-integration.md,KEEP - ADR,CAND-I
R079,Preserve dirty work and recover before cleanup,"Delivery, remote recovery & integration",Classify and preserve meaningful uncommitted work before removing obsolete worktrees or old paths. Use recoverable checkpoints and non-force integration without overwriting unrelated owner changes.,Accepted,Cleanup and relocation can erase the only remaining copy of unfinished work.,"Source release, installed generation, runtime and target containment require separate evidence; unavailable state must not be filled by inference.","Current rules require immutable review, destination containment and guarded cleanup. Live remote integration equals the inspected HEAD; main is a different commit. No merge, publication or cleanup was performed.",AGENTS.md; workbench/docs/adr/0037-independent-review-at-integration.md; workbench/docs/adr/0039-the-integration-branch-is-a-manifest-declared-fact.md,-,AGENTS Safety preserves unrelated dirty work; recovery-before-cleanup ordering is unstated.,"The smallest useful current treatment is the named target. This is a review recommendation, not newly accepted architecture.","Exact candidate, actual destination containment and safe cleanup already have behavioral owners. Add rationale there and preserve remote uncertainty; do not create another generic completion gate.",MERGE WITH ADR-0037,ADR-0037; CAND-H,High,False,Accepted (historical source status),D-CLEANUP; D-CANON,evidence/d-cleanup.md; evidence/d-canon.md,MERGE WITH CAND-I,CAND-I
R080,Public products exclude private instance state,"Adoption, upgrade & installed integrity","Package public-safe source separately from private Wiki content, identities, runtime ledgers, credentials, topology and private derived digests.",Accepted,A cleaned product is not a copy of the private deployment's operational data.,"Source release, installed generation, runtime and target containment require separate evidence; unavailable state must not be filled by inference.",Setup tools and distinct source/installed receipts exist. Adoption and upgrade recovery still use collections.checkpoints. Fidelity tests passed 15/15; this report does not certify a new upgrade or deployment.,RUNBOOK.md; tools/workbench-adoption.mjs; tools/workbench-upgrade.mjs; workbench/docs/adr/0031-runtime-tools-are-workbench-managed-in-the-tools-lane.md; workbench/specs/S-041-recorded-baseline-availability/SPEC.md; tools/control-fidelity.mjs,WB-0031,Public/private packaging is implied by sole-source but not stated; this repo's templates/ dogfood boundary is the live instance.,"The smallest useful current treatment is the named target. This is a review recommendation, not newly accepted architecture.","Retain the prior disposition, bounded by the original proposition and current evidence. Public/private packaging is implied by sole-source but not stated; this repo's templates/ dogfood boundary is the live instance.",MERGE WITH ADR-0026,ADR-0026 amendment,Medium,False,Accepted (historical source status),D-LIFEV2; H-FR; D-PRODUCER,evidence/d-lifev2.md; evidence/h-fr.md; evidence/d-producer.md,MERGE WITH ADR-0026,ADR-0026 amendment
R081,Package mechanically; review publication judgment independently,"Adoption, upgrade & installed integrity",Mechanical archive/clean/package/publish work belongs in deterministic tooling; the judgment that the candidate is fit and public-safe belongs in independent review under actual publication authority.,Accepted,A publishing script and an auditor do different jobs; inventing a new role was unnecessary.,"Source release, installed generation, runtime and target containment require separate evidence; unavailable state must not be filled by inference.",Setup tools and distinct source/installed receipts exist. Adoption and upgrade recovery still use collections.checkpoints. Fidelity tests passed 15/15; this report does not certify a new upgrade or deployment.,RUNBOOK.md; tools/workbench-adoption.mjs; tools/workbench-upgrade.mjs; workbench/docs/adr/0031-runtime-tools-are-workbench-managed-in-the-tools-lane.md; workbench/specs/S-041-recorded-baseline-availability/SPEC.md; tools/control-fidelity.mjs,-,"Same proof-vs-judgment split as R019, applied to publication.","The smallest useful current treatment is the named target. This is a review recommendation, not newly accepted architecture.","Separate review and authorization already have owners. Packaging procedures remain procedures, not a new independent governance system.",MERGE WITH ADR-0037,ADR-0037; ADR-0027,Medium,False,Accepted (historical source status),H-SC; H-FR,evidence/h-sc.md; evidence/h-fr.md,MERGE WITH CAND-B,CAND-B
R082,Integration delivery does not grant main promotion,"Delivery, remote recovery & integration",An authorized landing targets the exact integration destination; main promotion remains the owner's separate boundary unless explicitly authorized for that work.,Accepted,Agents repeatedly treated completing a branch as permission to advance a more protected destination.,"Source release, installed generation, runtime and target containment require separate evidence; unavailable state must not be filled by inference.","Current rules require immutable review, destination containment and guarded cleanup. Live remote integration equals the inspected HEAD; main is a different commit. No merge, publication or cleanup was performed.",AGENTS.md; workbench/docs/adr/0037-independent-review-at-integration.md; workbench/docs/adr/0039-the-integration-branch-is-a-manifest-declared-fact.md,WB-0039,AGENTS: only the owner merges integration into main; permission layer blocks it.,The historical concern has a current owner; no extra artifact follows merely from an ADR gap.,"Retain the prior disposition, bounded by the original proposition and current evidence. AGENTS: only the owner merges integration into main; permission layer blocks it.",ALREADY COVERED,"AGENTS.md, ADR-0039",High,False,Accepted (historical source status),D-FLIGHT; D-CIC; C-019f6974-L1120,evidence/d-flight.md; evidence/d-cic.md; evidence/c-019f6974-l1120.md,ALREADY COVERED,"AGENTS.md, ADR-0039"
R083,Completion must reconcile the owning downstream boundary,"Delivery, remote recovery & integration","Report separately what was authored, reviewed, remotely delivered, installed, running, accepted and closed. Closure uses the real available owner and evidence rather than an unimplemented ceremonial receipt.",Accepted,Components passed tests while the requested usable result remained undelivered or delivered-but-unclosed.,"Source release, installed generation, runtime and target containment require separate evidence; unavailable state must not be filled by inference.","Current rules require immutable review, destination containment and guarded cleanup. Live remote integration equals the inspected HEAD; main is a different commit. No merge, publication or cleanup was performed.",AGENTS.md; workbench/docs/adr/0037-independent-review-at-integration.md; workbench/docs/adr/0039-the-integration-branch-is-a-manifest-declared-fact.md,GO-0024 WB-0037,"AGENTS Branch Completion covers merge and containment, not the authored/reviewed/installed/running/accepted ladder.","The smallest useful current treatment is the named target. This is a review recommendation, not newly accepted architecture.","Exact candidate, actual destination containment and safe cleanup already have behavioral owners. Add rationale there and preserve remote uncertainty; do not create another generic completion gate.",MERGE WITH ADR-0037,ADR-0037; CAND-H,High,False,Accepted (historical source status),D-FLIGHT; D-POSTFLIGHT; D-CIC; GO-0024,evidence/d-flight.md; evidence/d-postflight.md; evidence/d-cic.md; evidence/go-0024.md,MERGE WITH CAND-I,CAND-I
R084,Human-readable staged setup rather than an opaque giant wizard,"Adoption, upgrade & installed integrity",Keep setup understandable and inspectable through the guide and small tooling stages so the owner can see what the harness is doing.,Strong preference,A large generated setup mechanism can conceal assumptions and make repair harder.,"Source release, installed generation, runtime and target containment require separate evidence; unavailable state must not be filled by inference.",Setup tools and distinct source/installed receipts exist. Adoption and upgrade recovery still use collections.checkpoints. Fidelity tests passed 15/15; this report does not certify a new upgrade or deployment.,RUNBOOK.md; tools/workbench-adoption.mjs; tools/workbench-upgrade.mjs; workbench/docs/adr/0031-runtime-tools-are-workbench-managed-in-the-tools-lane.md; workbench/specs/S-041-recorded-baseline-availability/SPEC.md; tools/control-fidelity.mjs,-,"Setup is already staged across genesis/adoption skills plus small tools; the preference deserves recording, not enforcing.","The smallest useful current treatment is the named target. This is a review recommendation, not newly accepted architecture.","Retain the prior disposition, bounded by the original proposition and current evidence. Setup is already staged across genesis/adoption skills plus small tools; the preference deserves recording, not enforcing.",KEEP - DOC,README.md / RUNBOOK.md,Medium,False,Strong preference (historical source status),C-01a05af1-L519; B-LAYOUT,evidence/c-01a05af1-l519.md; evidence/b-layout.md,KEEP - DOC,README.md / RUNBOOK.md
R085,"Prove the harness improves work, not just its own score","Evidence, review & evaluation","Evaluate actual agent outcomes against meaningful baselines; static template quality, document counts and a green self-test do not demonstrate improved behavior.",Accepted,"The owner asked for scientific proof of benefit from the beginning, before the later governance expansion.",Historical mechanism and source scope must still apply; current coverage is not proof of complete runtime behavior.,Report format already requires evidence limitations and report-scoped IDs/shared recurrence keys. It does not separately name evaluated and reporting models. Outcome docs require controlled repeated comparisons; no new agent-outcome trial was run.,AGENTS.md; workbench/feedback/REPORT_FORMAT.md; evals/README.md; outcomes/README.md; tools/test-cross-provider-fixture.mjs,-,"evals/ (condition-blind grader, held-out task_b), outcomes/ (conditions, mock agents) and S-002 complete all exist with NO ADR governing them.","The smallest useful current treatment is the named target. This is a review recommendation, not newly accepted architecture.","Preserve held-out comparisons, honest incompleteness and baseline integrity. This is a durable alternative to optimizing a structural self-score.",KEEP - ADR,CAND-C,High,False,Accepted (historical source status),C-019ef330-L6; C-019ef347-L6; G-6a9cff88,evidence/c-019ef330-l6.md; evidence/c-019ef347-l6.md; evidence/g-6a9cff88.md,KEEP - ADR,CAND-C
R086,"Use held-out, condition-blind comparisons","Evidence, review & evaluation","Hold task inputs and grading stable, compare with a no-template baseline, isolate trials and use held-out tasks so the harness does not tune itself to its own grading criteria.",Accepted,Self-serving evaluators and easy development fixtures can create illusory improvement.,Historical mechanism and source scope must still apply; current coverage is not proof of complete runtime behavior.,Report format already requires evidence limitations and report-scoped IDs/shared recurrence keys. It does not separately name evaluated and reporting models. Outcome docs require controlled repeated comparisons; no new agent-outcome trial was run.,AGENTS.md; workbench/feedback/REPORT_FORMAT.md; evals/README.md; outcomes/README.md; tools/test-cross-provider-fixture.mjs,-,S-002 complete: condition-blind held-out path-safety fixture and grader.,"The smallest useful current treatment is the named target. This is a review recommendation, not newly accepted architecture.","Preserve held-out comparisons, honest incompleteness and baseline integrity. This is a durable alternative to optimizing a structural self-score.",MERGE WITH ADR-PROPOSED-C,CAND-C,High,False,Accepted (historical source status),C-019ef347-L6; C-019f5a56-L215,evidence/c-019ef347-l6.md; evidence/c-019f5a56-l215.md,MERGE WITH CAND-C,CAND-C
R087,Judge resulting state and honest incompleteness,"Evidence, review & evaluation","Grade what the agent actually changed and verified, including scope and truthful incomplete reporting, rather than rewarding a confident final response.",Accepted,A system that reports success dishonestly can outperform honest behavior on a naive rubric.,Historical mechanism and source scope must still apply; current coverage is not proof of complete runtime behavior.,Report format already requires evidence limitations and report-scoped IDs/shared recurrence keys. It does not separately name evaluated and reporting models. Outcome docs require controlled repeated comparisons; no new agent-outcome trial was run.,AGENTS.md; workbench/feedback/REPORT_FORMAT.md; evals/README.md; outcomes/README.md; tools/test-cross-provider-fixture.mjs,-,evals/tasks/task_a_scope_honesty grades honest incompleteness; the invariant has no durable owner.,"The smallest useful current treatment is the named target. This is a review recommendation, not newly accepted architecture.","Preserve held-out comparisons, honest incompleteness and baseline integrity. This is a durable alternative to optimizing a structural self-score.",MERGE WITH ADR-PROPOSED-C,CAND-C,High,False,Accepted (historical source status),C-019f5a56-L215; AU-0001,evidence/c-019f5a56-l215.md; evidence/au-0001.md,MERGE WITH CAND-C,CAND-C
R088,"Inspection, observed use and behavioral tests stay separate","Evidence, review & evaluation",Label the three evidence types and never pool them into one health score or average.,Accepted,A coherence check and a measured task outcome answer different questions and can conceal each other's regressions.,Historical mechanism and source scope must still apply; current coverage is not proof of complete runtime behavior.,Report format already requires evidence limitations and report-scoped IDs/shared recurrence keys. It does not separately name evaluated and reporting models. Outcome docs require controlled repeated comparisons; no new agent-outcome trial was run.,AGENTS.md; workbench/feedback/REPORT_FORMAT.md; evals/README.md; outcomes/README.md; tools/test-cross-provider-fixture.mjs,AU-0001,REPORT_FORMAT warns static checks prove no outcome improvement but does not name the three evidence types.,"The smallest useful current treatment is the named target. This is a review recommendation, not newly accepted architecture.",Put evaluated/reviewer model fields and evidence states in the report contract. Retain the evidence rationale under C; do not import the Audit application or a mandatory central findings service.,KEEP - CONTRACT,workbench/feedback/REPORT_FORMAT.md,High,False,Accepted (historical source status),AU-0001,evidence/au-0001.md,MERGE WITH CAND-D,CAND-D
R089,Evaluated model and reviewer model are independent fields,"Evidence, review & evaluation",Record whose behavior is evaluated separately from who reviewed the evidence. A static inspection may have no evaluated model.,Accepted,A report written by Claude does not prove Claude operates well under the harness.,Historical mechanism and source scope must still apply; current coverage is not proof of complete runtime behavior.,Report format already requires evidence limitations and report-scoped IDs/shared recurrence keys. It does not separately name evaluated and reporting models. Outcome docs require controlled repeated comparisons; no new agent-outcome trial was run.,AGENTS.md; workbench/feedback/REPORT_FORMAT.md; evals/README.md; outcomes/README.md; tools/test-cross-provider-fixture.mjs,AU-0002,VERIFIED GAP: REPORT_FORMAT requires target revision and skill-copy provenance but never requires naming the evaluated model separately from the reporting model.,"The smallest useful current treatment is the named target. This is a review recommendation, not newly accepted architecture.","Name evaluated model separately from reporting model; allow not-applicable for structural inspections. This is a proposed report-contract correction, not an already delivered field.",KEEP - CONTRACT,workbench/feedback/REPORT_FORMAT.md,High,False,Accepted (historical source status),AU-0002,evidence/au-0002.md,KEEP - CONTRACT,REPORT_FORMAT.md + CAND-D
R090,One finding can have many observations and occurrences,"Evidence, review & evaluation","Keep one durable problem identity across reports, with repeated observations and separate affected-project occurrences. Absence from a later report means not retested, not resolved.",Accepted,Counting reports inflated problem totals and lost recurrence.,Historical mechanism and source scope must still apply; current coverage is not proof of complete runtime behavior.,Report format already requires evidence limitations and report-scoped IDs/shared recurrence keys. It does not separately name evaluated and reporting models. Outcome docs require controlled repeated comparisons; no new agent-outcome trial was run.,AGENTS.md; workbench/feedback/REPORT_FORMAT.md; evals/README.md; outcomes/README.md; tools/test-cross-provider-fixture.mjs,AU-0003,REPORT_FORMAT already scopes finding IDs to the report and requires an explicit shared recurrence key.,"The smallest useful current treatment is the named target. This is a review recommendation, not newly accepted architecture.","Current report keys cover disambiguation, not the whole longitudinal lifecycle. Preserve not-retested versus resolved and leave the central finding store with Audit.",KEEP - DOC,workbench/feedback/REPORT_FORMAT.md; Audit owner,High,False,Accepted (historical source status),AU-0003,evidence/au-0003.md,ALREADY COVERED,REPORT_FORMAT.md
R091,Execution failures are not automatically harness defects,"Evidence, review & evaluation","Keep unavailable runners, missing evidence, interrupted attempts and incomplete coverage visible as execution/evidence states.",Accepted,A failed measurement is not evidence of a failed harness behavior.,Historical mechanism and source scope must still apply; current coverage is not proof of complete runtime behavior.,Report format already requires evidence limitations and report-scoped IDs/shared recurrence keys. It does not separately name evaluated and reporting models. Outcome docs require controlled repeated comparisons; no new agent-outcome trial was run.,AGENTS.md; workbench/feedback/REPORT_FORMAT.md; evals/README.md; outcomes/README.md; tools/test-cross-provider-fixture.mjs,AU-0004,REPORT_FORMAT has an Evidence And Limitations section but no named execution/evidence failure states.,"The smallest useful current treatment is the named target. This is a review recommendation, not newly accepted architecture.","The current format already distinguishes observed behavior, inference and hypotheses. Add explicit unavailable/interrupted/missing-evidence examples; do not claim no evidence taxonomy exists.",KEEP - CONTRACT,workbench/feedback/REPORT_FORMAT.md,MediumHigh,False,Accepted (historical source status),AU-0004; AU-0001,evidence/au-0004.md; evidence/au-0001.md,KEEP - CONTRACT,REPORT_FORMAT.md + CAND-D
R092,Investigate a finding before repairing it,"Evidence, review & evaluation","Re-read the claimed mechanism at an identified source revision; distinguish confirmed, unsupported, environmental and deferred findings before proposing or applying a fix.",Accepted,Upstream repairs based on unsupported reports can introduce new defects and erase useful dissent.,Historical mechanism and source scope must still apply; current coverage is not proof of complete runtime behavior.,Report format already requires evidence limitations and report-scoped IDs/shared recurrence keys. It does not separately name evaluated and reporting models. Outcome docs require controlled repeated comparisons; no new agent-outcome trial was run.,AGENTS.md; workbench/feedback/REPORT_FORMAT.md; evals/README.md; outcomes/README.md; tools/test-cross-provider-fixture.mjs,WB-0037 WB-0038,"'Challenged Or Rejected Findings' section requires exactly this, including retaining dissent.",The historical concern has a current owner; no extra artifact follows merely from an ADR gap.,"Retain the prior disposition, bounded by the original proposition and current evidence. 'Challenged Or Rejected Findings' section requires exactly this, including retaining dissent.",ALREADY COVERED,REPORT_FORMAT.md,High,False,Accepted (historical source status),G-6a9c9513; A-BLUEPRINT,evidence/g-6a9c9513.md; evidence/a-blueprint.md,ALREADY COVERED,REPORT_FORMAT.md
R093,Audit Workbench owns independent review history and visualization,"Evidence, review & evaluation","Use a separate review application to retain results across projects, harness versions and models, with a visual interface and drill-down evidence.",Accepted,The owner did not want to read long Markdown report stacks or have every project manage its own improvement program.,Historical mechanism and source scope must still apply; current coverage is not proof of complete runtime behavior.,Report format already requires evidence limitations and report-scoped IDs/shared recurrence keys. It does not separately name evaluated and reporting models. Outcome docs require controlled repeated comparisons; no new agent-outcome trial was run.,AGENTS.md; workbench/feedback/REPORT_FORMAT.md; evals/README.md; outcomes/README.md; tools/test-cross-provider-fixture.mjs,AU-0006,Audit_Workbench S-001 harness-review-ledger and S-003 decision-first-website own it.,"The smallest useful current treatment is the named target. This is a review recommendation, not newly accepted architecture.","Retain the prior disposition, bounded by the original proposition and current evidence. Audit_Workbench S-001 harness-review-ledger and S-003 decision-first-website own it.",OUT OF SCOPE,Audit_Workbench,High,False,Accepted (historical source status),G-6a9b96e1; G-6a9c9513; AU-0006,evidence/g-6a9b96e1.md; evidence/g-6a9c9513.md; evidence/au-0006.md,OUT OF SCOPE,Audit_Workbench
R094,Central review storage with a standalone fallback,"Evidence, review & evaluation",An enrolled project receives an explicit central evidence destination; a standalone Workbench retains local reporting. Central private storage still needs an explicit recovery policy.,Accepted,"Scattered reports made comparisons difficult, but requiring the central app would break portability.",Historical mechanism and source scope must still apply; current coverage is not proof of complete runtime behavior.,Report format already requires evidence limitations and report-scoped IDs/shared recurrence keys. It does not separately name evaluated and reporting models. Outcome docs require controlled repeated comparisons; no new agent-outcome trial was run.,AGENTS.md; workbench/feedback/REPORT_FORMAT.md; evals/README.md; outcomes/README.md; tools/test-cross-provider-fixture.mjs,AU-0006,Audit_Workbench S-005 release-campaigns; upstream keeps the destination-optional wording already in REPORT_FORMAT.,"The smallest useful current treatment is the named target. This is a review recommendation, not newly accepted architecture.","Retain the prior disposition, bounded by the original proposition and current evidence. Audit_Workbench S-005 release-campaigns; upstream keeps the destination-optional wording already in REPORT_FORMAT.",OUT OF SCOPE,Audit_Workbench,MediumHigh,False,Accepted (historical source status),AU-0006,evidence/au-0006.md,OUT OF SCOPE,Audit_Workbench
R095,The reviewer must itself be reviewed independently,"Evidence, review & evaluation","Audit Workbench is part of the portfolio, with independent review of its consequential outputs and self-review exclusions.",Accepted,Its own missing integration destination escaped an audit sweep that excluded the reviewer.,Historical mechanism and source scope must still apply; current coverage is not proof of complete runtime behavior.,Report format already requires evidence limitations and report-scoped IDs/shared recurrence keys. It does not separately name evaluated and reporting models. Outcome docs require controlled repeated comparisons; no new agent-outcome trial was run.,AGENTS.md; workbench/feedback/REPORT_FORMAT.md; evals/README.md; outcomes/README.md; tools/test-cross-provider-fixture.mjs,-,VERIFIED: Audit_Workbench S-008-self-enrolment-and-reviewer-independence already owns this.,"The smallest useful current treatment is the named target. This is a review recommendation, not newly accepted architecture.",Audit self-review exclusion remains an Audit application concern. Do not add recursive reviewer-of-reviewer gates to every base action.,OUT OF SCOPE,Audit_Workbench,High,False,Accepted (historical source status),A-BLUEPRINT,evidence/a-blueprint.md,OUT OF SCOPE,Audit_Workbench
R096,"Separate source development, deployment and audit roles across rooms","Evidence, review & evaluation",LLM_Workbench develops the template; GPT_OS coordinates deployment in the described workflow; Audit_Workbench consolidates and challenges feedback. Reports flow back upstream without the audit room silently repairing targets.,Accepted,The owner explicitly corrected a workflow that treated LLM_Workbench as the deployer and conflated review with mutation.,Historical mechanism and source scope must still apply; current coverage is not proof of complete runtime behavior.,Report format already requires evidence limitations and report-scoped IDs/shared recurrence keys. It does not separately name evaluated and reporting models. Outcome docs require controlled repeated comparisons; no new agent-outcome trial was run.,AGENTS.md; workbench/feedback/REPORT_FORMAT.md; evals/README.md; outcomes/README.md; tools/test-cross-provider-fixture.mjs,-,"Three rooms verified present (LLM_Workbench, GPT_OS, Audit_Workbench); ADR-0026 names only source-vs-extension, not the deployer/auditor roles.","The smallest useful current treatment is the named target. This is a review recommendation, not newly accepted architecture.","Retain the prior disposition, bounded by the original proposition and current evidence. Three rooms verified present (LLM_Workbench, GPT_OS, Audit_Workbench); ADR-0026 names only source-vs-extension, not the deployer/auditor roles.",MERGE WITH ADR-0026,ADR-0026 amendment,MediumHigh,False,Accepted (historical source status),G-6a9c9513; A-BLUEPRINT,evidence/g-6a9c9513.md; evidence/a-blueprint.md,MERGE WITH ADR-0026,ADR-0026 amendment
R097,Review each adopted release and preserve longitudinal comparisons,"Evidence, review & evaluation","Track reviews by actual installed release, project and model, retaining previous observations and making progress or recurrence visible.",Accepted,One-time reviews cannot tell whether a release helped or merely changed the report.,Historical mechanism and source scope must still apply; current coverage is not proof of complete runtime behavior.,Report format already requires evidence limitations and report-scoped IDs/shared recurrence keys. It does not separately name evaluated and reporting models. Outcome docs require controlled repeated comparisons; no new agent-outcome trial was run.,AGENTS.md; workbench/feedback/REPORT_FORMAT.md; evals/README.md; outcomes/README.md; tools/test-cross-provider-fixture.mjs,AU-0004,Campaign scheduling is Audit S-005; the portable identity half is folded into CAND-D.,"The smallest useful current treatment is the named target. This is a review recommendation, not newly accepted architecture.","Retain the prior disposition, bounded by the original proposition and current evidence. Campaign scheduling is Audit S-005; the portable identity half is folded into CAND-D.",OUT OF SCOPE,Audit_Workbench,Medium,False,Accepted (historical source status),G-6a9b96e1; AU-0004,evidence/g-6a9b96e1.md; evidence/au-0004.md,OUT OF SCOPE,Audit_Workbench
R098,Measure owner coordination work as harness friction,"Evidence, review & evaluation","Treat repeated owner reminders to save, route, reconcile, resume or finish as observable workflow friction, while separating them from legitimate architectural decisions.",Strong preference,The harness is supposed to carry the conversation and process so the owner does not become its manual scheduler.,Historical mechanism and source scope must still apply; current coverage is not proof of complete runtime behavior.,Report format already requires evidence limitations and report-scoped IDs/shared recurrence keys. It does not separately name evaluated and reporting models. Outcome docs require controlled repeated comparisons; no new agent-outcome trial was run.,AGENTS.md; workbench/feedback/REPORT_FORMAT.md; evals/README.md; outcomes/README.md; tools/test-cross-provider-fixture.mjs,-,VERIFIED: S-049 is complete; the /carry skill records each occurrence where the owner still had to supply routine coordination.,The historical concern has a current owner; no extra artifact follows merely from an ADR gap.,"Retain the prior disposition, bounded by the original proposition and current evidence. VERIFIED: S-049 is complete; the /carry skill records each occurrence where the owner still had to supply routine coordination.",ALREADY COVERED,S-049,High,False,Strong preference (historical source status),G-6a9cff88; A-BLUEPRINT,evidence/g-6a9cff88.md; evidence/a-blueprint.md,ALREADY COVERED,S-049
R099,Preserve visibility and epistemic states rather than filling gaps,"Evidence, review & evaluation","Distinguish fresh, stale, unavailable, malformed, inaccessible and user-reported evidence; distinguish a capability being available, eligible, shown, consulted and acted through.",Accepted,Declared availability and actual use were repeatedly mistaken for one another.,Historical mechanism and source scope must still apply; current coverage is not proof of complete runtime behavior.,Report format already requires evidence limitations and report-scoped IDs/shared recurrence keys. It does not separately name evaluated and reporting models. Outcome docs require controlled repeated comparisons; no new agent-outcome trial was run.,AGENTS.md; workbench/feedback/REPORT_FORMAT.md; evals/README.md; outcomes/README.md; tools/test-cross-provider-fixture.mjs,-,Diagnostics already model stale/unknown states; the shared evidence vocabulary is unwritten.,"The smallest useful current treatment is the named target. This is a review recommendation, not newly accepted architecture.",Put evaluated/reviewer model fields and evidence states in the report contract. Retain the evidence rationale under C; do not import the Audit application or a mandatory central findings service.,KEEP - CONTRACT,workbench/feedback/REPORT_FORMAT.md,Medium,False,Accepted (historical source status),C-019f7df4-L9; A-BLUEPRINT,evidence/c-019f7df4-l9.md; evidence/a-blueprint.md,MERGE WITH CAND-D,CAND-D
R100,Do not weaken criteria to make self-improvement look successful,"Evidence, review & evaluation",Retain the baseline and grading standard when judging a change. Improvements require evidence; an easier rubric or a current 100 score does not establish the harness is finished.,Accepted,The owner wanted a system capable of detecting regressions and still raising its standards.,Historical mechanism and source scope must still apply; current coverage is not proof of complete runtime behavior.,Report format already requires evidence limitations and report-scoped IDs/shared recurrence keys. It does not separately name evaluated and reporting models. Outcome docs require controlled repeated comparisons; no new agent-outcome trial was run.,AGENTS.md; workbench/feedback/REPORT_FORMAT.md; evals/README.md; outcomes/README.md; tools/test-cross-provider-fixture.mjs,-,AGENTS forbids weakening criteria to raise a score; the baseline-retention rationale has no ADR.,"The smallest useful current treatment is the named target. This is a review recommendation, not newly accepted architecture.","Preserve held-out comparisons, honest incompleteness and baseline integrity. This is a durable alternative to optimizing a structural self-score.",MERGE WITH ADR-PROPOSED-C,CAND-C,High,False,Accepted (historical source status),H-SC; C-019f4b37-L9; C-019ef347-L6,evidence/h-sc.md; evidence/c-019f4b37-l9.md; evidence/c-019ef347-l6.md,MERGE WITH CAND-C,CAND-C
R101,Feedback repair loops are bounded and independently reviewed,"Evidence, review & evaluation","A scheduled builder proposes a bounded candidate, an independent reviewer challenges it, and iteration has explicit budget, identity and stop conditions.",Accepted historical direction,"Unbounded self-improvement loops spend tokens, repeat findings and merge unverified changes.",Historical mechanism and source scope must still apply; current coverage is not proof of complete runtime behavior.,Report format already requires evidence limitations and report-scoped IDs/shared recurrence keys. It does not separately name evaluated and reporting models. Outcome docs require controlled repeated comparisons; no new agent-outcome trial was run.,AGENTS.md; workbench/feedback/REPORT_FORMAT.md; evals/README.md; outcomes/README.md; tools/test-cross-provider-fixture.mjs,-,Optional automation; AGENTS already forbids the base from starting one.,"The smallest useful current treatment is the named target. This is a review recommendation, not newly accepted architecture.","Retain the prior disposition, bounded by the original proposition and current evidence. Optional automation; AGENTS already forbids the base from starting one.",OUT OF SCOPE,Audit_Workbench,Medium,False,Accepted historical direction (historical source status),C-019f5a56-L9; C-019f5a56-L215,evidence/c-019f5a56-l9.md; evidence/c-019f5a56-l215.md,OUT OF SCOPE,Audit_Workbench
R102,Setup proof precedes the feedback workflow,"Evidence, review & evaluation","The initial fresh-agent setup check returns in chat; prove entry first, then reporting and continuation. Do not require an artificial report or handoff to establish that setup works.",Accepted,The first experiment's outcome was repeatedly replaced by ceremony it was not testing.,Historical mechanism and source scope must still apply; current coverage is not proof of complete runtime behavior.,Report format already requires evidence limitations and report-scoped IDs/shared recurrence keys. It does not separately name evaluated and reporting models. Outcome docs require controlled repeated comparisons; no new agent-outcome trial was run.,AGENTS.md; workbench/feedback/REPORT_FORMAT.md; evals/README.md; outcomes/README.md; tools/test-cross-provider-fixture.mjs,WB-0038,"ADR-0038 accepted, canonicalized in RUNBOOK/BLUEPRINT/S-027.",The historical concern has a current owner; no extra artifact follows merely from an ADR gap.,"Retain the prior disposition, bounded by the original proposition and current evidence. ADR-0038 accepted, canonicalized in RUNBOOK/BLUEPRINT/S-027.",ALREADY COVERED,ADR-0038,High,False,Accepted (historical source status),WB-0038; B-BOUNDARIES,evidence/wb-0038.md; evidence/b-boundaries.md,ALREADY COVERED,ADR-0038
R103,Prefer real useful acceptance work over artificial workflow evidence,"Evidence, review & evaluation",Exercise the system on genuine small tasks. Do not redo completed work or create fake Job Orders solely to inflate a validation count.,Accepted,Synthetic paperwork can prove the workflow's forms without proving useful delivery.,Historical mechanism and source scope must still apply; current coverage is not proof of complete runtime behavior.,Report format already requires evidence limitations and report-scoped IDs/shared recurrence keys. It does not separately name evaluated and reporting models. Outcome docs require controlled repeated comparisons; no new agent-outcome trial was run.,AGENTS.md; workbench/feedback/REPORT_FORMAT.md; evals/README.md; outcomes/README.md; tools/test-cross-provider-fixture.mjs,WB-0038,ADR-0038 rejects artificial pilots; the positive rule belongs with the evaluation contract.,"The smallest useful current treatment is the named target. This is a review recommendation, not newly accepted architecture.","Preserve held-out comparisons, honest incompleteness and baseline integrity. This is a durable alternative to optimizing a structural self-score.",MERGE WITH ADR-PROPOSED-C,CAND-C,High,False,Accepted (historical source status),D-CIC; WB-0038,evidence/d-cic.md; evidence/wb-0038.md,MERGE WITH CAND-C,CAND-C
R104,Reuse the existing behavioral evaluation runner before building another,"Evidence, review & evaluation",Assess the existing harness eval runner for isolated trials and JSONL results before introducing a second runner.,Proposed,Duplicated runners would duplicate grading logic and split evidence contracts.,Historical mechanism and source scope must still apply; current coverage is not proof of complete runtime behavior.,Report format already requires evidence limitations and report-scoped IDs/shared recurrence keys. It does not separately name evaluated and reporting models. Outcome docs require controlled repeated comparisons; no new agent-outcome trial was run.,AGENTS.md; workbench/feedback/REPORT_FORMAT.md; evals/README.md; outcomes/README.md; tools/test-cross-provider-fixture.mjs,AU-0005,AU-0005 is still 'Proposed' downstream; upstream evals/run.py already exists.,"The smallest useful current treatment is the named target. This is a review recommendation, not newly accepted architecture.","Retain the prior disposition, bounded by the original proposition and current evidence. AU-0005 is still 'Proposed' downstream; upstream evals/run.py already exists.",OUT OF SCOPE,Audit_Workbench,High,False,Proposed (historical source status),AU-0005,evidence/au-0005.md,OUT OF SCOPE,Audit_Workbench
R105,Report permission fidelity across prose and provider controls,"Evidence, review & evaluation","A declared writable lane must agree with effective provider permissions and supported relative, home and absolute path forms. S-036 corrected the earlier paired Edit/Write model; the invariant is capability fidelity, not that old permission syntax.",Accepted,The contract instructed agents to create records while the installed permission file withheld the operation.,Historical mechanism and source scope must still apply; current coverage is not proof of complete runtime behavior.,Report format already requires evidence limitations and report-scoped IDs/shared recurrence keys. It does not separately name evaluated and reporting models. Outcome docs require controlled repeated comparisons; no new agent-outcome trial was run.,AGENTS.md; workbench/feedback/REPORT_FORMAT.md; evals/README.md; outcomes/README.md; tools/test-cross-provider-fixture.mjs,AU-0007 WB-0005,S-034 control-fidelity-report and S-036 both complete; no ADR carries the capability-fidelity invariant.,"The smallest useful current treatment is the named target. This is a review recommendation, not newly accepted architecture.","Preserve fixed wording when filling placeholders and expose changed/dropped rules. Divergence remains legitimate when deliberately decided; fidelity stays a report, not a universal blocker.",KEEP - ADR,CAND-K,High,False,Accepted (historical source status),AU-0007; S-036,evidence/au-0007.md; evidence/s-036.md,KEEP - ADR,CAND-K
R106,One durable writer per shared surface,Coordination & concurrency,"Independent read-only work may proceed in parallel; writes to a repository, spec, registry, installed product or shared file need non-overlapping ownership or serialization.",Accepted,Parallel agents can collide even when their chat tasks have different names.,Historical mechanism and source scope must still apply; current coverage is not proof of complete runtime behavior.,Current multi-agent rule and S-020 already cover disjoint writes and one durable writer across shared surfaces. No separate distributed execution guarantee is inferred.,AGENTS.md; workbench/specs/S-020-spec-native-team-coordination/SPEC.md; team templates/MANAGER.md,-,AGENTS has a one-line rule ('one single durable writer for shared spec/Taskboard state') with no rationale or general scope.,The historical concern has a current owner; no extra artifact follows merely from an ADR gap.,"S-020 records repository/spec/shared-file write ownership, broader than the first pass acknowledged. Application to session sync belongs to N; no new universal lock service.",ALREADY COVERED,AGENTS.md; S-020,MediumHigh,False,Accepted (historical source status),D-CANON; D-FLIGHT; D-CAS,evidence/d-canon.md; evidence/d-flight.md; evidence/d-cas.md,KEEP - ADR,CAND-M
R107,A durable task is distinct from a worker or attempt,Coordination & concurrency,One Job Order represents a durable task/lane. Different agents and roles can take successive exclusive runs; a failed attempt is not automatically a new task.,Accepted,Per-person records lost continuity while shared simultaneous orders blurred write ownership.,Historical mechanism and source scope must still apply; current coverage is not proof of complete runtime behavior.,Current multi-agent rule and S-020 already cover disjoint writes and one durable writer across shared surfaces. No separate distributed execution guarantee is inferred.,AGENTS.md; workbench/specs/S-020-spec-native-team-coordination/SPEC.md; team templates/MANAGER.md,-,Job Order / Claim / Run schemas are Foundry-owned; GO-0021 removed the base requirement.,"The smallest useful current treatment is the named target. This is a review recommendation, not newly accepted architecture.",ADR-0015/0026 already establish the base boundary. Preserve all historical records and corrections here; do not create an upstream archive Design Concept merely to park abandoned mechanisms.,OUT OF SCOPE,Historical packet; original extension owner,High,False,Accepted (historical source status),H-FR; D-CIC,evidence/h-fr.md; evidence/d-cic.md,MERGE WITH CAND-R,CAND-R
R108,Rejection and in-scope repair stay on the same task,Coordination & concurrency,Preserve rejection history and retry the existing task when its scope and acceptance still hold. New scope creates a new bounded task.,Accepted,Creating a fresh order on every rejection hid history and inflated work.,Historical mechanism and source scope must still apply; current coverage is not proof of complete runtime behavior.,Current multi-agent rule and S-020 already cover disjoint writes and one durable writer across shared surfaces. No separate distributed execution guarantee is inferred.,AGENTS.md; workbench/specs/S-020-spec-native-team-coordination/SPEC.md; team templates/MANAGER.md,-,Extension retry semantics; no upstream consumer.,"The smallest useful current treatment is the named target. This is a review recommendation, not newly accepted architecture.",ADR-0015/0026 already establish the base boundary. Preserve all historical records and corrections here; do not create an upstream archive Design Concept merely to park abandoned mechanisms.,OUT OF SCOPE,Historical packet; original extension owner,High,False,Accepted (historical source status),D-CIC; D-CAS,evidence/d-cic.md; evidence/d-cas.md,MERGE WITH CAND-R,CAND-R
R109,Captain directs; Steward manages bounded execution,Coordination & concurrency,Keep an owner-facing coordinator's context focused on direction and exceptions. Dispatch fresh bounded execution contexts rather than making the coordinator carry every implementation step.,Accepted historical direction,The long-running manager chat became overloaded and stopped serving the owner.,Historical mechanism and source scope must still apply; current coverage is not proof of complete runtime behavior.,Current multi-agent rule and S-020 already cover disjoint writes and one durable writer across shared surfaces. No separate distributed execution guarantee is inferred.,AGENTS.md; workbench/specs/S-020-spec-native-team-coordination/SPEC.md; team templates/MANAGER.md,-,Captain/Steward are extension roles; ADR-0036 already rejects permanent role departments upstream.,"The smallest useful current treatment is the named target. This is a review recommendation, not newly accepted architecture.",ADR-0015/0026 already establish the base boundary. Preserve all historical records and corrections here; do not create an upstream archive Design Concept merely to park abandoned mechanisms.,OUT OF SCOPE,Historical packet; original extension owner,High,False,Accepted historical direction (historical source status),D-CAS; C-01a055b0-L162,evidence/d-cas.md; evidence/c-01a055b0-l162.md,MERGE WITH CAND-R,CAND-R
R110,Parallel execution requires satisfied dependencies and disjoint ownership,Coordination & concurrency,Default to serialized dependent packages; parallelize only when predecessor gates and actual write surfaces permit it.,Accepted,"Nominally separate tasks still collided through registries, specs, runtime bindings and installed products.",Historical mechanism and source scope must still apply; current coverage is not proof of complete runtime behavior.,Current multi-agent rule and S-020 already cover disjoint writes and one durable writer across shared surfaces. No separate distributed execution guarantee is inferred.,AGENTS.md; workbench/specs/S-020-spec-native-team-coordination/SPEC.md; team templates/MANAGER.md,-,The disjoint-write-surface half is portable; the dependency-gate half is coordinator-owned.,The historical concern has a current owner; no extra artifact follows merely from an ADR gap.,Disjoint ownership and dependency ordering already have current owners. Historical coordinator mechanics need no revival.,ALREADY COVERED,AGENTS.md; S-020,Medium,False,Accepted (historical source status),D-CAS; D-FLIGHT,evidence/d-cas.md; evidence/d-flight.md,MERGE WITH CAND-M,CAND-M
R111,"Keep implementation, review and mutation authority distinct",Coordination & concurrency,An implementation worker does not accept its own review or land itself by inference; a read-only verifier reports evidence while the authorized owner performs the state-changing transition.,Accepted,Role labels alone did not establish independent acceptance or a legitimate close mutation.,Historical mechanism and source scope must still apply; current coverage is not proof of complete runtime behavior.,Current multi-agent rule and S-020 already cover disjoint writes and one durable writer across shared surfaces. No separate distributed execution guarantee is inferred.,AGENTS.md; workbench/specs/S-020-spec-native-team-coordination/SPEC.md; team templates/MANAGER.md,WB-0037,ADR-0037 forbids self-review satisfying the gate; CAND-B carries the general separation.,The historical concern has a current owner; no extra artifact follows merely from an ADR gap.,Self-review cannot satisfy the integration gate. An agent may integrate after separate-context approval within user authorization; do not revive owner-manual landing for every action.,ALREADY COVERED,ADR-0037; AGENTS.md,High,False,Accepted (historical source status),D-FLIGHT; D-POSTFLIGHT; D-CLOSE,evidence/d-flight.md; evidence/d-postflight.md; evidence/d-close.md,ALREADY COVERED,"ADR-0037, CAND-B"
R112,The seven Flight stages must form a real installed chain,Coordination & concurrency,"Intended contract: Sitrep, Preflight, Launch-flight, In-flight, Landing-check, Land and PostFlight-check are separately invokable stages with compatible handoffs and actual installed consumers. Pin exact SHAs at Preflight, Launch, Landing-check, Land and PostFlight-check, where a specific state is verified or acted on; ordinary Sitrep prose and In-flight internal work do not need an extra boundary-SHA field (AC-2).",Accepted historical direction,"Skill filenames, source tests and a guidebook did not establish an executable end-to-end workflow.",Historical mechanism and source scope must still apply; current coverage is not proof of complete runtime behavior.,Current multi-agent rule and S-020 already cover disjoint writes and one durable writer across shared surfaces. No separate distributed execution guarantee is inferred.,AGENTS.md; workbench/specs/S-020-spec-native-team-coordination/SPEC.md; team templates/MANAGER.md,-,Seven Flight stage skills exist only in the personal home; not a Workbench capability.,"The smallest useful current treatment is the named target. This is a review recommendation, not newly accepted architecture.",ADR-0015/0026 already establish the base boundary. Preserve all historical records and corrections here; do not create an upstream archive Design Concept merely to park abandoned mechanisms.,OUT OF SCOPE,Historical packet; original extension owner,High,False,Accepted historical direction (historical source status),D-FLIGHT; D-POSTFLIGHT; D-CIC; D-AC,evidence/d-flight.md; evidence/d-postflight.md; evidence/d-cic.md; evidence/d-ac.md,MERGE WITH CAND-R,CAND-R
R113,"Handoffs preserve context and exact evidence, not authority",Coordination & concurrency,"Transfers identify the candidate, scope, state and evidence, reference their real owners and preserve ordered retry history without copying or enlarging authorization.",Accepted,A handoff was sometimes treated as a substitute for the contract or a fresh grant.,Historical mechanism and source scope must still apply; current coverage is not proof of complete runtime behavior.,Current multi-agent rule and S-020 already cover disjoint writes and one durable writer across shared surfaces. No separate distributed execution guarantee is inferred.,AGENTS.md; workbench/specs/S-020-spec-native-team-coordination/SPEC.md; team templates/MANAGER.md,WB-0040 GO-0012,Handoff-preserves-context-not-authority is the same rule CAND-A must state.,The historical concern has a current owner; no extra artifact follows merely from an ADR gap.,Handoffs preserve context without transferring or enlarging authority. The contract already exists even though specialized tooling is incomplete.,ALREADY COVERED,ADR-0040; ADR-0027; S-046,High,False,Accepted (historical source status),D-FLIGHT; GO-0012,evidence/d-flight.md; evidence/go-0012.md,MERGE WITH CAND-A,CAND-A
R114,Preflight checks facts immediately before sensitive execution,Coordination & concurrency,Bind preflight to the relevant facts and reread race-sensitive state at launch. Receipt timestamps alone do not establish that its assumptions still hold.,Accepted,"A formerly green receipt can outlive a moved branch, changed scope or competing claim.",Historical mechanism and source scope must still apply; current coverage is not proof of complete runtime behavior.,Current multi-agent rule and S-020 already cover disjoint writes and one durable writer across shared surfaces. No separate distributed execution guarantee is inferred.,AGENTS.md; workbench/specs/S-020-spec-native-team-coordination/SPEC.md; team templates/MANAGER.md,-,The portable half is 'reread race-sensitive state at the boundary'; Flight receipts stay extension-owned.,"The smallest useful current treatment is the named target. This is a review recommendation, not newly accepted architecture.","Exact candidate, actual destination containment and safe cleanup already have behavioral owners. Add rationale there and preserve remote uncertainty; do not create another generic completion gate.",MERGE WITH ADR-0037,ADR-0037; CAND-H,Medium,False,Accepted (historical source status),D-LIFEV2; D-CIC; H-SC,evidence/d-lifev2.md; evidence/d-cic.md; evidence/h-sc.md,MERGE WITH CAND-I,CAND-I
R115,One lifecycle transaction includes one Journal event,Coordination & concurrency,"A private authoritative lifecycle tree records state and exactly one appended Journal event per accepted transition, with the lifecycle engine as the sole mutator.",Accepted historical decision,Separate state and ledger writes could disagree about whether a transition happened.,Historical mechanism and source scope must still apply; current coverage is not proof of complete runtime behavior.,Current multi-agent rule and S-020 already cover disjoint writes and one durable writer across shared surfaces. No separate distributed execution guarantee is inferred.,AGENTS.md; workbench/specs/S-020-spec-native-team-coordination/SPEC.md; team templates/MANAGER.md,-,Journal/lifecycle engine is extension-only.,"The smallest useful current treatment is the named target. This is a review recommendation, not newly accepted architecture.",ADR-0015/0026 already establish the base boundary. Preserve all historical records and corrections here; do not create an upstream archive Design Concept merely to park abandoned mechanisms.,OUT OF SCOPE,Historical packet; original extension owner,High,False,Accepted historical decision (historical source status),D-LIFEV2; D-CLOSE,evidence/d-lifev2.md; evidence/d-close.md,MERGE WITH CAND-R,CAND-R
R116,Cooperative compare-and-swap is not hostile-writer enforcement,Coordination & concurrency,"Claim only the serialization and protection actually demonstrated. Cooperative exact-tip CAS does not prove remote deletion, force-update or writer restrictions.",Accepted,Security and atomicity claims exceeded observed remote policy.,Historical mechanism and source scope must still apply; current coverage is not proof of complete runtime behavior.,Current multi-agent rule and S-020 already cover disjoint writes and one durable writer across shared surfaces. No separate distributed execution guarantee is inferred.,AGENTS.md; workbench/specs/S-020-spec-native-team-coordination/SPEC.md; team templates/MANAGER.md,-,CAS is extension-only; its honesty lesson is generic but already covered by ADR-0005.,"The smallest useful current treatment is the named target. This is a review recommendation, not newly accepted architecture.",ADR-0015/0026 already establish the base boundary. Preserve all historical records and corrections here; do not create an upstream archive Design Concept merely to park abandoned mechanisms.,OUT OF SCOPE,Historical packet; original extension owner,High,False,Accepted (historical source status),D-LIFEV2; D-CIC,evidence/d-lifev2.md; evidence/d-cic.md,MERGE WITH CAND-R,CAND-R
R117,Multi-repository parents aggregate immutable child results,Coordination & concurrency,A parent coordinates dependencies and idempotently ingests child terminal identities; it does not claim atomicity across repository refs.,Accepted historical decision,A portfolio outcome cannot be made transactional merely by putting it under one parent order.,Historical mechanism and source scope must still apply; current coverage is not proof of complete runtime behavior.,Current multi-agent rule and S-020 already cover disjoint writes and one durable writer across shared surfaces. No separate distributed execution guarantee is inferred.,AGENTS.md; workbench/specs/S-020-spec-native-team-coordination/SPEC.md; team templates/MANAGER.md,-,Multi-repository parent aggregation has no upstream consumer.,"The smallest useful current treatment is the named target. This is a review recommendation, not newly accepted architecture.",ADR-0015/0026 already establish the base boundary. Preserve all historical records and corrections here; do not create an upstream archive Design Concept merely to park abandoned mechanisms.,OUT OF SCOPE,Historical packet; original extension owner,High,False,Accepted historical decision (historical source status),D-LIFEV2,evidence/d-lifev2.md,MERGE WITH CAND-R,CAND-R
R118,Bound automatic repair and distinguish ambiguous results,Coordination & concurrency,"Give a durable repair identity one declared automatic attempt and budget; ambiguous outcomes or protected scope require escalation, with retries distinguishing accepted, conflict and pre-transition failure.",Accepted historical decision,Blind retries can duplicate effects or consume unbounded effort.,Historical mechanism and source scope must still apply; current coverage is not proof of complete runtime behavior.,Current multi-agent rule and S-020 already cover disjoint writes and one durable writer across shared surfaces. No separate distributed execution guarantee is inferred.,AGENTS.md; workbench/specs/S-020-spec-native-team-coordination/SPEC.md; team templates/MANAGER.md,-,Bounded automatic repair is coordinator policy.,"The smallest useful current treatment is the named target. This is a review recommendation, not newly accepted architecture.",ADR-0015/0026 already establish the base boundary. Preserve all historical records and corrections here; do not create an upstream archive Design Concept merely to park abandoned mechanisms.,OUT OF SCOPE,Historical packet; original extension owner,High,False,Accepted historical decision (historical source status),D-LIFEV2; D-POSTFLIGHT,evidence/d-lifev2.md; evidence/d-postflight.md,MERGE WITH CAND-R,CAND-R
R119,Versioned lifecycle migration has one live writer,Coordination & concurrency,Preserve old lifecycle evidence as readable history while moving to one new authoritative writer; do not keep two live mutation systems.,Accepted historical decision,A compatibility path can become a second conflicting authority.,Historical mechanism and source scope must still apply; current coverage is not proof of complete runtime behavior.,Current multi-agent rule and S-020 already cover disjoint writes and one durable writer across shared surfaces. No separate distributed execution guarantee is inferred.,AGENTS.md; workbench/specs/S-020-spec-native-team-coordination/SPEC.md; team templates/MANAGER.md,-,"Lifecycle migration with one live writer; extension-owned, echoes CAND-M.","The smallest useful current treatment is the named target. This is a review recommendation, not newly accepted architecture.",ADR-0015/0026 already establish the base boundary. Preserve all historical records and corrections here; do not create an upstream archive Design Concept merely to park abandoned mechanisms.,OUT OF SCOPE,Historical packet; original extension owner,High,False,Accepted historical decision (historical source status),D-LIFEV2,evidence/d-lifev2.md,MERGE WITH CAND-R,CAND-R
R120,Date-only freshness uses the declared local day,Coordination & concurrency,Interpret date-only records in the workspace's declared timezone; deduplicate equivalent local and remote refs by repository/object identity.,Accepted,UTC midnight made same-local-day work look newer and coherent refs look contradictory.,Historical mechanism and source scope must still apply; current coverage is not proof of complete runtime behavior.,Current multi-agent rule and S-020 already cover disjoint writes and one durable writer across shared surfaces. No separate distributed execution guarantee is inferred.,AGENTS.md; workbench/specs/S-020-spec-native-team-coordination/SPEC.md; team templates/MANAGER.md,-,VERIFIED GAP: diagnostics.mjs stale-claim says 'older than one working day' and no tool defines the day boundary or timezone.,"The smallest useful current treatment is the named target. This is a review recommendation, not newly accepted architecture.","Historical timezone ruling was scoped to GPT_OS Preflight. Upstream claim-age code is defined: UTC calendar dates and >86400000ms, while prose says working day. Surface the mismatch; do not import the old scoped algorithm as automatic upstream authority. Preserve ref-deduplication as a second historical clause.",KEEP - DOC,RUNBOOK.md; diagnostic owner,Medium,False,Accepted (historical source status),D-FRESHNESS,evidence/d-freshness.md,KEEP - DOC,LEXICON.md / RUNBOOK.md
R121,Evidence partition must preserve exact prior bytes and proof boundaries,"Evidence, review & evaluation","When evidence grows, partition it with exact accounting and provenance while preserving historical bytes; do not merge distinct archive introductions or weaken validators to fit a size cap.",Accepted,A spec ceiling and pinned evidence sections made a record unable to accept its own next receipt.,Historical mechanism and source scope must still apply; current coverage is not proof of complete runtime behavior.,Report format already requires evidence limitations and report-scoped IDs/shared recurrence keys. It does not separately name evaluated and reporting models. Outcome docs require controlled repeated comparisons; no new agent-outcome trial was run.,AGENTS.md; workbench/feedback/REPORT_FORMAT.md; evals/README.md; outcomes/README.md; tools/test-cross-provider-fixture.mjs,-,"S-036/S-038 hit this in practice; a rollover convention is owed, not an ADR.","The smallest useful current treatment is the named target. This is a review recommendation, not newly accepted architecture.","Retain the prior disposition, bounded by the original proposition and current evidence. S-036/S-038 hit this in practice; a rollover convention is owed, not an ADR.",KEEP - DOC,RUNBOOK.md,Medium,False,Accepted (historical source status),D-CUMULATIVE; D-V3,evidence/d-cumulative.md; evidence/d-v3.md,KEEP - DOC,RUNBOOK.md
R122,Foundry connects Workbench rooms through optional capabilities,Extension architecture (Foundry/CIC/Audit),"A Workbench is a project's operating surface; Foundry connects, monitors and maintains rooms using capability contracts and replaceable modules.",Accepted historical direction,The owner repeatedly distinguished the useful project harness from the connected factory.,The historical system assumed Foundry/Flight/CIC or multi-room coordination. Those mechanisms are not prerequisites for the current portable base.,The live base excludes required Foundry orchestration. Historical extension records remain evidence in their original domain; existence of ancillary code does not make a base feature. No retired runtime was exercised.,BLUEPRINT.md; workbench/docs/adr/0015-workbench-base-and-foundry-capabilities.md; workbench/docs/adr/0026-workbench-is-the-sole-source-and-foundry-extends-it.md,WB-0015,ADR-0015 already names Foundry's capabilities; the architecture detail is history.,"The smallest useful current treatment is the named target. This is a review recommendation, not newly accepted architecture.",ADR-0015/0026 already establish the base boundary. Preserve all historical records and corrections here; do not create an upstream archive Design Concept merely to park abandoned mechanisms.,OUT OF SCOPE,Historical packet; original extension owner,High,False,Accepted historical direction (historical source status),C-7f7acc51-L182; C-7f7acc51-L166; WB-0015,evidence/c-7f7acc51-l182.md; evidence/c-7f7acc51-l166.md; evidence/wb-0015.md,MERGE WITH CAND-R,CAND-R
R123,Sockets are capability contracts; modules use declared interfaces,Extension architecture (Foundry/CIC/Audit),"A socket is a named capability contract, not a department or implementation. Modules must use its declared entrypoint rather than reach around it.",Accepted historical decision,Renaming departments as sockets obscured the boundary and self-attestation did not enforce access.,The historical system assumed Foundry/Flight/CIC or multi-room coordination. Those mechanisms are not prerequisites for the current portable base.,The live base excludes required Foundry orchestration. Historical extension records remain evidence in their original domain; existence of ancillary code does not make a base feature. No retired runtime was exercised.,BLUEPRINT.md; workbench/docs/adr/0015-workbench-base-and-foundry-capabilities.md; workbench/docs/adr/0026-workbench-is-the-sole-source-and-foundry-extends-it.md,-,"Socket contract; tools/socket-contract.mjs exists but serves Foundry-slice work, not the base.","The smallest useful current treatment is the named target. This is a review recommendation, not newly accepted architecture.",ADR-0015/0026 already establish the base boundary. Preserve all historical records and corrections here; do not create an upstream archive Design Concept merely to park abandoned mechanisms.,OUT OF SCOPE,Historical packet; original extension owner,High,False,Accepted historical decision (historical source status),C-7f7acc51-L196; H-SC,evidence/c-7f7acc51-l196.md; evidence/h-sc.md,MERGE WITH CAND-R,CAND-R
R124,Socket-to-module cardinality is asymmetric many-to-many,Extension architecture (Foundry/CIC/Audit),A module may use several sockets; one socket may have several candidate implementations while allowing only the declared active binding pattern.,Accepted historical decision,The one-row/one-module registry could not express the CIC's intended connections.,The historical system assumed Foundry/Flight/CIC or multi-room coordination. Those mechanisms are not prerequisites for the current portable base.,The live base excludes required Foundry orchestration. Historical extension records remain evidence in their original domain; existence of ancillary code does not make a base feature. No retired runtime was exercised.,BLUEPRINT.md; workbench/docs/adr/0015-workbench-base-and-foundry-capabilities.md; workbench/docs/adr/0026-workbench-is-the-sole-source-and-foundry-extends-it.md,-,Extension data model.,"The smallest useful current treatment is the named target. This is a review recommendation, not newly accepted architecture.",ADR-0015/0026 already establish the base boundary. Preserve all historical records and corrections here; do not create an upstream archive Design Concept merely to park abandoned mechanisms.,OUT OF SCOPE,Historical packet; original extension owner,High,False,Accepted historical decision (historical source status),H-SC,evidence/h-sc.md,MERGE WITH CAND-R,CAND-R
R125,"Blessed means a suitable implementation, not owner authorship",Extension architecture (Foundry/CIC/Audit),A blessed module fits the socket and product expectations; being built by Kayden is neither necessary nor sufficient.,Accepted historical decision,Authorship had been mistaken for technical compatibility and suitability.,The historical system assumed Foundry/Flight/CIC or multi-room coordination. Those mechanisms are not prerequisites for the current portable base.,The live base excludes required Foundry orchestration. Historical extension records remain evidence in their original domain; existence of ancillary code does not make a base feature. No retired runtime was exercised.,BLUEPRINT.md; workbench/docs/adr/0015-workbench-base-and-foundry-capabilities.md; workbench/docs/adr/0026-workbench-is-the-sole-source-and-foundry-extends-it.md,-,Definition correction worth preserving as lineage.,"The smallest useful current treatment is the named target. This is a review recommendation, not newly accepted architecture.",ADR-0015/0026 already establish the base boundary. Preserve all historical records and corrections here; do not create an upstream archive Design Concept merely to park abandoned mechanisms.,OUT OF SCOPE,Historical packet; original extension owner,High,False,Accepted historical decision (historical source status),H-SC-LATE,evidence/h-sc-late.md,MERGE WITH CAND-R,CAND-R
R126,Halls are vertical functional boundaries,Extension architecture (Foundry/CIC/Audit),"A Hall owns its skills, deterministic workers and lifecycle for one function; cross-Hall work is routed explicitly so agents do not load every department's internals.",Accepted historical decision,The factory accumulated context and unclear ownership when each component knew the others' procedures.,The historical system assumed Foundry/Flight/CIC or multi-room coordination. Those mechanisms are not prerequisites for the current portable base.,The live base excludes required Foundry orchestration. Historical extension records remain evidence in their original domain; existence of ancillary code does not make a base feature. No retired runtime was exercised.,BLUEPRINT.md; workbench/docs/adr/0015-workbench-base-and-foundry-capabilities.md; workbench/docs/adr/0026-workbench-is-the-sole-source-and-foundry-extends-it.md,-,Hall counts explicitly historical.,"The smallest useful current treatment is the named target. This is a review recommendation, not newly accepted architecture.",ADR-0015/0026 already establish the base boundary. Preserve all historical records and corrections here; do not create an upstream archive Design Concept merely to park abandoned mechanisms.,OUT OF SCOPE,Historical packet; original extension owner,High,False,Accepted historical decision (historical source status),H-SC-LATE; C-41fca99d-L24,evidence/h-sc-late.md; evidence/c-41fca99d-l24.md,MERGE WITH CAND-R,CAND-R
R127,"Separate domain core, execution engine and orchestration",Extension architecture (Foundry/CIC/Audit),The deterministic domain core stays independent of the sandbox/worktree engine; orchestration composes both and translates scoped policy into execution.,Accepted historical decision,Putting all domain behavior inside an external sandbox library would make unrelated project logic depend on its lifecycle.,The historical system assumed Foundry/Flight/CIC or multi-room coordination. Those mechanisms are not prerequisites for the current portable base.,The live base excludes required Foundry orchestration. Historical extension records remain evidence in their original domain; existence of ancillary code does not make a base feature. No retired runtime was exercised.,BLUEPRINT.md; workbench/docs/adr/0015-workbench-base-and-foundry-capabilities.md; workbench/docs/adr/0026-workbench-is-the-sole-source-and-foundry-extends-it.md,-,Domain/engine/orchestration split; no upstream consumer.,"The smallest useful current treatment is the named target. This is a review recommendation, not newly accepted architecture.",ADR-0015/0026 already establish the base boundary. Preserve all historical records and corrections here; do not create an upstream archive Design Concept merely to park abandoned mechanisms.,OUT OF SCOPE,Historical packet; original extension owner,High,False,Accepted historical decision (historical source status),H-SC-LATE,evidence/h-sc-late.md,MERGE WITH CAND-R,CAND-R
R128,Replace scaffolding only after preserving its rules in the successor,Extension architecture (Foundry/CIC/Audit),Retire temporary standalone guard machinery once the replacement can carry its protections; the rules survive even if the old files do not.,Accepted historical direction,"Keeping two competing guard systems creates drift, while deleting rules because a framework exists removes protection.",The historical system assumed Foundry/Flight/CIC or multi-room coordination. Those mechanisms are not prerequisites for the current portable base.,The live base excludes required Foundry orchestration. Historical extension records remain evidence in their original domain; existence of ancillary code does not make a base feature. No retired runtime was exercised.,BLUEPRINT.md; workbench/docs/adr/0015-workbench-base-and-foundry-capabilities.md; workbench/docs/adr/0026-workbench-is-the-sole-source-and-foundry-extends-it.md,-,Sandcastle is not a current dependency.,"The smallest useful current treatment is the named target. This is a review recommendation, not newly accepted architecture.",ADR-0015/0026 already establish the base boundary. Preserve all historical records and corrections here; do not create an upstream archive Design Concept merely to park abandoned mechanisms.,OUT OF SCOPE,Historical packet; original extension owner,High,False,Accepted historical direction (historical source status),H-SC,evidence/h-sc.md,MERGE WITH CAND-R,CAND-R
R129,Each Hall builds the deterministic workers it needs,Extension architecture (Foundry/CIC/Audit),A shared boundary provider supplies containment infrastructure; it does not own every department's domain-specific automation.,Accepted historical decision,The early Orchestration Engine proposal centralized too much and blurred functional ownership.,The historical system assumed Foundry/Flight/CIC or multi-room coordination. Those mechanisms are not prerequisites for the current portable base.,The live base excludes required Foundry orchestration. Historical extension records remain evidence in their original domain; existence of ancillary code does not make a base feature. No retired runtime was exercised.,BLUEPRINT.md; workbench/docs/adr/0015-workbench-base-and-foundry-capabilities.md; workbench/docs/adr/0026-workbench-is-the-sole-source-and-foundry-extends-it.md,-,Correction to the all-Pawns model; history.,"The smallest useful current treatment is the named target. This is a review recommendation, not newly accepted architecture.",ADR-0015/0026 already establish the base boundary. Preserve all historical records and corrections here; do not create an upstream archive Design Concept merely to park abandoned mechanisms.,OUT OF SCOPE,Historical packet; original extension owner,High,False,Accepted historical decision (historical source status),H-SC-LATE,evidence/h-sc-late.md,MERGE WITH CAND-R,CAND-R
R130,Gatehouse enforces passage but does not grant authority,Extension architecture (Foundry/CIC/Audit),Gatehouse builds and evaluates enforcement boundaries and passage receipts; actual authorization and lifecycle mutation retain their named owners.,Accepted historical decision,"The same metaphor was incorrectly used for policy, authorization, auditing and execution.",The historical system assumed Foundry/Flight/CIC or multi-room coordination. Those mechanisms are not prerequisites for the current portable base.,The live base excludes required Foundry orchestration. Historical extension records remain evidence in their original domain; existence of ancillary code does not make a base feature. No retired runtime was exercised.,BLUEPRINT.md; workbench/docs/adr/0015-workbench-base-and-foundry-capabilities.md; workbench/docs/adr/0026-workbench-is-the-sole-source-and-foundry-extends-it.md,GO-0006,Gatehouse separation; GO-0006 downstream.,"The smallest useful current treatment is the named target. This is a review recommendation, not newly accepted architecture.",ADR-0015/0026 already establish the base boundary. Preserve all historical records and corrections here; do not create an upstream archive Design Concept merely to park abandoned mechanisms.,OUT OF SCOPE,Historical packet; original extension owner,High,False,Accepted historical decision (historical source status),C-019ff419-L320; GO-0006; D-CLOSE,evidence/c-019ff419-l320.md; evidence/go-0006.md; evidence/d-close.md,MERGE WITH CAND-R,CAND-R
R131,"Scheduling, orchestration, validation and audit have separate responsibilities",Extension architecture (Foundry/CIC/Audit),"Timing infrastructure, dispatch/dependency flow, task authority validation and independent quality judgment are separate concerns; monitoring reports on them rather than becoming their owner.",Accepted historical decision,The thirteen-Hall redesign repeatedly corrected one component absorbing another's responsibility.,The historical system assumed Foundry/Flight/CIC or multi-room coordination. Those mechanisms are not prerequisites for the current portable base.,The live base excludes required Foundry orchestration. Historical extension records remain evidence in their original domain; existence of ancillary code does not make a base feature. No retired runtime was exercised.,BLUEPRINT.md; workbench/docs/adr/0015-workbench-base-and-foundry-capabilities.md; workbench/docs/adr/0026-workbench-is-the-sole-source-and-foundry-extends-it.md,-,Thirteen-Hall responsibility map; explicitly not thirteen services.,"The smallest useful current treatment is the named target. This is a review recommendation, not newly accepted architecture.",ADR-0015/0026 already establish the base boundary. Preserve all historical records and corrections here; do not create an upstream archive Design Concept merely to park abandoned mechanisms.,OUT OF SCOPE,Historical packet; original extension owner,High,False,Accepted historical decision (historical source status),C-019ff419-L9; C-019ff419-L320,evidence/c-019ff419-l9.md; evidence/c-019ff419-l320.md,MERGE WITH CAND-R,CAND-R
R132,"Public source, installed module and running service have distinct owners",Extension architecture (Foundry/CIC/Audit),A module has a producer checkout and a shipped/installed product with an exact receipt; updating the producer is not updating the running module.,Accepted historical decision,Duplicate paths and stale installed copies obscured what the owner was actually using.,The historical system assumed Foundry/Flight/CIC or multi-room coordination. Those mechanisms are not prerequisites for the current portable base.,The live base excludes required Foundry orchestration. Historical extension records remain evidence in their original domain; existence of ancillary code does not make a base feature. No retired runtime was exercised.,BLUEPRINT.md; workbench/docs/adr/0015-workbench-base-and-foundry-capabilities.md; workbench/docs/adr/0026-workbench-is-the-sole-source-and-foundry-extends-it.md,-,Producer/installed/running split — the generic half is CAND-H.,"The smallest useful current treatment is the named target. This is a review recommendation, not newly accepted architecture.",ADR-0015/0026 already establish the base boundary. Preserve all historical records and corrections here; do not create an upstream archive Design Concept merely to park abandoned mechanisms.,OUT OF SCOPE,Historical packet; original extension owner,High,False,Accepted historical decision (historical source status),D-REACTIVATE; D-CIC,evidence/d-reactivate.md; evidence/d-cic.md,MERGE WITH CAND-R,CAND-R
R133,Operating identity is independent of the model engine,Extension architecture (Foundry/CIC/Audit),Durable continuity belongs to the host/factory's stores and identity; the current model is replaceable and an agent/run is disposable.,Accepted historical decision,The old fixed host-plus-model roster rejected cloud instances and made a model change look like a different being.,The historical system assumed Foundry/Flight/CIC or multi-room coordination. Those mechanisms are not prerequisites for the current portable base.,The live base excludes required Foundry orchestration. Historical extension records remain evidence in their original domain; existence of ancillary code does not make a base feature. No retired runtime was exercised.,BLUEPRINT.md; workbench/docs/adr/0015-workbench-base-and-foundry-capabilities.md; workbench/docs/adr/0026-workbench-is-the-sole-source-and-foundry-extends-it.md,-,Provider-neutral identity; the generic half is already in ADR-0041 and CAND-D.,"The smallest useful current treatment is the named target. This is a review recommendation, not newly accepted architecture.",ADR-0015/0026 already establish the base boundary. Preserve all historical records and corrections here; do not create an upstream archive Design Concept merely to park abandoned mechanisms.,OUT OF SCOPE,Historical packet; original extension owner,High,False,Accepted historical decision (historical source status),H-FR,evidence/h-fr.md,MERGE WITH CAND-R,CAND-R
R134,"CAS separates owner-facing direction, factory execution and outside-world assistance",Extension architecture (Foundry/CIC/Audit),"Captain, Steward and Attendant describe different scopes of assistance; the owner wanted a personable interface without one context doing all implementation.",Accepted historical direction,"The owner wanted a conversational assistant backed by a factory, not merely an autonomous coding queue.",The historical system assumed Foundry/Flight/CIC or multi-room coordination. Those mechanisms are not prerequisites for the current portable base.,The live base excludes required Foundry orchestration. Historical extension records remain evidence in their original domain; existence of ancillary code does not make a base feature. No retired runtime was exercised.,BLUEPRINT.md; workbench/docs/adr/0015-workbench-base-and-foundry-capabilities.md; workbench/docs/adr/0026-workbench-is-the-sole-source-and-foundry-extends-it.md,-,CAS roles; name collision noted in source.,"The smallest useful current treatment is the named target. This is a review recommendation, not newly accepted architecture.",ADR-0015/0026 already establish the base boundary. Preserve all historical records and corrections here; do not create an upstream archive Design Concept merely to park abandoned mechanisms.,OUT OF SCOPE,Historical packet; original extension owner,High,False,Accepted historical direction (historical source status),C-01a021fc-L203; C-01a021fc-L303; D-CAS,evidence/c-01a021fc-l203.md; evidence/c-01a021fc-l303.md; evidence/d-cas.md,MERGE WITH CAND-R,CAND-R
R135,A connected system must still cold-start from its own records,Extension architecture (Foundry/CIC/Audit),"A fresh agent must find controls, Wiki, skills, current work and verified capability from the deployed system without inheriting the builder's chat memory.",Accepted,A system known only to its author is not operational for a new agent.,The historical system assumed Foundry/Flight/CIC or multi-room coordination. Those mechanisms are not prerequisites for the current portable base.,The live base excludes required Foundry orchestration. Historical extension records remain evidence in their original domain; existence of ancillary code does not make a base feature. No retired runtime was exercised.,BLUEPRINT.md; workbench/docs/adr/0015-workbench-base-and-foundry-capabilities.md; workbench/docs/adr/0026-workbench-is-the-sole-source-and-foundry-extends-it.md,-,Cold-start-from-own-records is the same acceptance boundary CAND-A states.,"The smallest useful current treatment is the named target. This is a review recommendation, not newly accepted architecture.",Fresh-agent continuity applies to the whole Workbench. ADR-0040 covers unfinished local context; it must not become the sole owner of the product promise.,MERGE WITH ADR-PROPOSED-A,CAND-A,High,False,Accepted (historical source status),C-01a012d6-L297; D-REACTIVATE,evidence/c-01a012d6-l297.md; evidence/d-reactivate.md,MERGE WITH CAND-A,CAND-A
R136,Cross-machine sync targets selected structure and knowledge,Extension architecture (Foundry/CIC/Audit),Synchronize the intended harness structure and Wiki across hosts while respecting project-specific repositories and private/runtime boundaries.,Strong preference,"The owner wanted reliable PC/Mac continuity, not indiscriminate mirroring of every local project.",The historical system assumed Foundry/Flight/CIC or multi-room coordination. Those mechanisms are not prerequisites for the current portable base.,The live base excludes required Foundry orchestration. Historical extension records remain evidence in their original domain; existence of ancillary code does not make a base feature. No retired runtime was exercised.,BLUEPRINT.md; workbench/docs/adr/0015-workbench-base-and-foundry-capabilities.md; workbench/docs/adr/0026-workbench-is-the-sole-source-and-foundry-extends-it.md,-,"RESOLVED 2026-09-07: the sync scope is live notepads, grilling records and handoffs only - project-owned schemas, templates and promoted documentation stay in the project repository, satisfying the selected-structure requirement.","The smallest useful current treatment is the named target. This is a review recommendation, not newly accepted architecture.",The original concern was selected harness/Wiki synchronization. Those remain project-owned Git content; the newer N decision covers live sessions only. Both requirements must remain visible; sessions-only is not a replacement of the original proposition.,KEEP - DOC,RUNBOOK.md; CAND-N scope note,Medium,False,OWNER DECIDED; promotion/implementation pending,C-019f3b12-L6; G-6a553b7b,evidence/c-019f3b12-l6.md; evidence/g-6a553b7b.md,RESOLVED,ADR (CAND-N)
R137,Schematic explains intended design; CIC mirrors live state,Extension architecture (Foundry/CIC/Audit),Keep the explanatory system model and deterministic non-executing simulation separate from the private operational dashboard.,Accepted historical decision,A future-design rendering was repeatedly mistaken for proof that the real factory was deployed.,The historical system assumed Foundry/Flight/CIC or multi-room coordination. Those mechanisms are not prerequisites for the current portable base.,The live base excludes required Foundry orchestration. Historical extension records remain evidence in their original domain; existence of ancillary code does not make a base feature. No retired runtime was exercised.,BLUEPRINT.md; workbench/docs/adr/0015-workbench-base-and-foundry-capabilities.md; workbench/docs/adr/0026-workbench-is-the-sole-source-and-foundry-extends-it.md,-,Schematic/CIC separation; extension products.,"The smallest useful current treatment is the named target. This is a review recommendation, not newly accepted architecture.",ADR-0015/0026 already establish the base boundary. Preserve all historical records and corrections here; do not create an upstream archive Design Concept merely to park abandoned mechanisms.,OUT OF SCOPE,Historical packet; original extension owner,High,False,Accepted historical decision (historical source status),H-FR; C-019fcf89-L386; C-01a021fc-L898,evidence/h-fr.md; evidence/c-019fcf89-l386.md; evidence/c-01a021fc-l898.md,MERGE WITH CAND-R,CAND-R
R138,"Show workflow, governance and structure as distinct views",Extension architecture (Foundry/CIC/Audit),"Use coordinated views to explain the same system from different questions, including a traceable workflow and governance passage, with inspectable elements.",Accepted historical direction,One overloaded diagram could not convey both the architecture and how a request moves through it.,The historical system assumed Foundry/Flight/CIC or multi-room coordination. Those mechanisms are not prerequisites for the current portable base.,The live base excludes required Foundry orchestration. Historical extension records remain evidence in their original domain; existence of ancillary code does not make a base feature. No retired runtime was exercised.,BLUEPRINT.md; workbench/docs/adr/0015-workbench-base-and-foundry-capabilities.md; workbench/docs/adr/0026-workbench-is-the-sole-source-and-foundry-extends-it.md,-,View architecture; not a base requirement.,"The smallest useful current treatment is the named target. This is a review recommendation, not newly accepted architecture.",ADR-0015/0026 already establish the base boundary. Preserve all historical records and corrections here; do not create an upstream archive Design Concept merely to park abandoned mechanisms.,OUT OF SCOPE,Historical packet; original extension owner,High,False,Accepted historical direction (historical source status),C-019fef23-L9; C-019fc4e9-L1090,evidence/c-019fef23-l9.md; evidence/c-019fc4e9-l1090.md,MERGE WITH CAND-R,CAND-R
R139,The simulator is deterministic and can expose failure paths,Extension architecture (Foundry/CIC/Audit),"Provide run, pause, step, replay and controlled failure injection in the design simulator, without executing real production operations.",Accepted historical decision,A static happy-path diagram could not demonstrate the intended recovery and gating model.,The historical system assumed Foundry/Flight/CIC or multi-room coordination. Those mechanisms are not prerequisites for the current portable base.,The live base excludes required Foundry orchestration. Historical extension records remain evidence in their original domain; existence of ancillary code does not make a base feature. No retired runtime was exercised.,BLUEPRINT.md; workbench/docs/adr/0015-workbench-base-and-foundry-capabilities.md; workbench/docs/adr/0026-workbench-is-the-sole-source-and-foundry-extends-it.md,-,Simulator determinism; extension product.,"The smallest useful current treatment is the named target. This is a review recommendation, not newly accepted architecture.",ADR-0015/0026 already establish the base boundary. Preserve all historical records and corrections here; do not create an upstream archive Design Concept merely to park abandoned mechanisms.,OUT OF SCOPE,Historical packet; original extension owner,High,False,Accepted historical decision (historical source status),C-019fc4e9-L1090,evidence/c-019fc4e9-l1090.md,MERGE WITH CAND-R,CAND-R
R140,"Draft, explicit send and authorized work are separate states",Extension architecture (Foundry/CIC/Audit),Typed or externally dictated input remains a draft until explicit Send creates durable Intent; an Entrance or dashboard action does not itself authorize arbitrary downstream mutation.,Accepted historical decision,"Voice and convenience controls must not silently send, approve or execute an unfinished request.",The historical system assumed Foundry/Flight/CIC or multi-room coordination. Those mechanisms are not prerequisites for the current portable base.,The live base excludes required Foundry orchestration. Historical extension records remain evidence in their original domain; existence of ancillary code does not make a base feature. No retired runtime was exercised.,BLUEPRINT.md; workbench/docs/adr/0015-workbench-base-and-foundry-capabilities.md; workbench/docs/adr/0026-workbench-is-the-sole-source-and-foundry-extends-it.md,-,"Draft/send/authorize boundary — generic value noted, no upstream interface exists.","The smallest useful current treatment is the named target. This is a review recommendation, not newly accepted architecture.",ADR-0015/0026 already establish the base boundary. Preserve all historical records and corrections here; do not create an upstream archive Design Concept merely to park abandoned mechanisms.,OUT OF SCOPE,Historical packet; original extension owner,High,False,Accepted historical decision (historical source status),H-FR,evidence/h-fr.md,MERGE WITH CAND-R,CAND-R
R141,Show the selected route and preserve the task's home,Extension architecture (Foundry/CIC/Audit),"Expose provider/engine and effort selection, including Auto's resolved route. Changing model preserves the task's Factory home unless the owner explicitly redirects it.",Accepted historical decision,Model selection and task placement were being coupled invisibly.,The historical system assumed Foundry/Flight/CIC or multi-room coordination. Those mechanisms are not prerequisites for the current portable base.,The live base excludes required Foundry orchestration. Historical extension records remain evidence in their original domain; existence of ancillary code does not make a base feature. No retired runtime was exercised.,BLUEPRINT.md; workbench/docs/adr/0015-workbench-base-and-foundry-capabilities.md; workbench/docs/adr/0026-workbench-is-the-sole-source-and-foundry-extends-it.md,-,Multi-provider Entrance; no upstream consumer.,"The smallest useful current treatment is the named target. This is a review recommendation, not newly accepted architecture.",ADR-0015/0026 already establish the base boundary. Preserve all historical records and corrections here; do not create an upstream archive Design Concept merely to park abandoned mechanisms.,OUT OF SCOPE,Historical packet; original extension owner,High,False,Accepted historical decision (historical source status),H-FR,evidence/h-fr.md,MERGE WITH CAND-R,CAND-R
R142,A dashboard state change can express intent without completing work,Extension architecture (Foundry/CIC/Audit),Moving a card or selecting an operation requests a transition; actual execution and verification determine the resulting status.,Accepted historical direction,A UI gesture can make a board say Done while the underlying task remains unfinished.,The historical system assumed Foundry/Flight/CIC or multi-room coordination. Those mechanisms are not prerequisites for the current portable base.,The live base excludes required Foundry orchestration. Historical extension records remain evidence in their original domain; existence of ancillary code does not make a base feature. No retired runtime was exercised.,BLUEPRINT.md; workbench/docs/adr/0015-workbench-base-and-foundry-capabilities.md; workbench/docs/adr/0026-workbench-is-the-sole-source-and-foundry-extends-it.md,-,"Intent-vs-observed-state on a board; upstream TASKBOARD is generated, so it cannot express intent.","The smallest useful current treatment is the named target. This is a review recommendation, not newly accepted architecture.",ADR-0015/0026 already establish the base boundary. Preserve all historical records and corrections here; do not create an upstream archive Design Concept merely to park abandoned mechanisms.,OUT OF SCOPE,Historical packet; original extension owner,High,False,Accepted historical direction (historical source status),C-ddedabe2-L113; H-FR,evidence/c-ddedabe2-l113.md; evidence/h-fr.md,MERGE WITH CAND-R,CAND-R
R143,"Liveness, load, reasoning effort and work status are separate signals",Extension architecture (Foundry/CIC/Audit),"Distinguish alive/asleep/down, active worker load, average/peak reasoning effort and queued/blocked/failed/verified status. Do not infer one from another.",Accepted historical decision,"Brightness, model tier and activity were repeatedly conflated; an asleep but healthy system must not appear down.",The historical system assumed Foundry/Flight/CIC or multi-room coordination. Those mechanisms are not prerequisites for the current portable base.,The live base excludes required Foundry orchestration. Historical extension records remain evidence in their original domain; existence of ancillary code does not make a base feature. No retired runtime was exercised.,BLUEPRINT.md; workbench/docs/adr/0015-workbench-base-and-foundry-capabilities.md; workbench/docs/adr/0026-workbench-is-the-sole-source-and-foundry-extends-it.md,-,Liveness/load/effort/status separation; extension telemetry.,"The smallest useful current treatment is the named target. This is a review recommendation, not newly accepted architecture.",ADR-0015/0026 already establish the base boundary. Preserve all historical records and corrections here; do not create an upstream archive Design Concept merely to park abandoned mechanisms.,OUT OF SCOPE,Historical packet; original extension owner,High,False,Accepted historical decision (historical source status),D-LIGHT; D-CIC; H-FR,evidence/d-light.md; evidence/d-cic.md; evidence/h-fr.md,MERGE WITH CAND-R,CAND-R
R144,Heartbeat is an authoritative snapshot plus observer acknowledgement,Extension architecture (Foundry/CIC/Audit),"Foundry emits sequence, time, cadence, load, workers and effort; CIC acknowledges observer health. The recorded cadence is 60/15/5/1 seconds for L0/L1/L2/L3, with one missed expected beat marking liveness failure.",Accepted historical decision,The monitor needs an explicit exchange and failure rule rather than inferring health from an animation.,The historical system assumed Foundry/Flight/CIC or multi-room coordination. Those mechanisms are not prerequisites for the current portable base.,The live base excludes required Foundry orchestration. Historical extension records remain evidence in their original domain; existence of ancillary code does not make a base feature. No retired runtime was exercised.,BLUEPRINT.md; workbench/docs/adr/0015-workbench-base-and-foundry-capabilities.md; workbench/docs/adr/0026-workbench-is-the-sole-source-and-foundry-extends-it.md,-,Heartbeat cadences explicitly not generalizable.,"The smallest useful current treatment is the named target. This is a review recommendation, not newly accepted architecture.",ADR-0015/0026 already establish the base boundary. Preserve all historical records and corrections here; do not create an upstream archive Design Concept merely to park abandoned mechanisms.,OUT OF SCOPE,Historical packet; original extension owner,High,False,Accepted historical decision (historical source status),D-CIC,evidence/d-cic.md,MERGE WITH CAND-R,CAND-R
R145,No silent activation,Extension architecture (Foundry/CIC/Audit),Announce activation before or as it happens; an observed unannounced activation is anomalous. Later Lighthouse delivery explicitly excluded Announced Activation implementation.,Accepted historical decision; later delivery deferred,The owner wanted to see cost-bearing work begin and detect unexpected activity.,The historical system assumed Foundry/Flight/CIC or multi-room coordination. Those mechanisms are not prerequisites for the current portable base.,The live base excludes required Foundry orchestration. Historical extension records remain evidence in their original domain; existence of ancillary code does not make a base feature. No retired runtime was exercised.,BLUEPRINT.md; workbench/docs/adr/0015-workbench-base-and-foundry-capabilities.md; workbench/docs/adr/0026-workbench-is-the-sole-source-and-foundry-extends-it.md,-,"No-silent-activation: accepted intent, delivery deferred; keep both facts.","The smallest useful current treatment is the named target. This is a review recommendation, not newly accepted architecture.",ADR-0015/0026 already establish the base boundary. Preserve all historical records and corrections here; do not create an upstream archive Design Concept merely to park abandoned mechanisms.,OUT OF SCOPE,Historical packet; original extension owner,High,False,Accepted historical decision; later delivery deferred (historical source status),H-FR; D-CIC,evidence/h-fr.md; evidence/d-cic.md,MERGE WITH CAND-R,CAND-R
R146,"Projection is a shared cached entry surface, with visible staleness",Extension architecture (Foundry/CIC/Audit),Deterministic boundary captures can help both humans and fresh agents orient. Every reader sees source and capture age; a projection can route but cannot authorize work.,Accepted historical decision,"Repeated cold-start discovery was expensive, and uncaptured lanes disappeared from dashboards.",The historical system assumed Foundry/Flight/CIC or multi-room coordination. Those mechanisms are not prerequisites for the current portable base.,The live base excludes required Foundry orchestration. Historical extension records remain evidence in their original domain; existence of ancillary code does not make a base feature. No retired runtime was exercised.,BLUEPRINT.md; workbench/docs/adr/0015-workbench-base-and-foundry-capabilities.md; workbench/docs/adr/0026-workbench-is-the-sole-source-and-foundry-extends-it.md,WB-0042,TASKBOARD is a generated projection; render-drift is a registered selection-blocking code. Projection cannot authorize.,"The smallest useful current treatment is the named target. This is a review recommendation, not newly accepted architecture.","TASKBOARD proves a source-derived entry surface, not the full historical cached observer/freshness design. Retain provenance/freshness guidance; do not import a capture service.",KEEP - DOC,Projection guidance; ADR-0042,Medium,False,Accepted historical decision (historical source status),H-DG,evidence/h-dg.md,ALREADY COVERED,"ADR-0020, ADR-0029"
R147,Flight Rack aggregates counts and preserves individual history,Extension architecture (Foundry/CIC/Audit),"Show active counts at the seven positions and let an individual run retain unreached, current, passed, blocked, failed and repaired history rather than blending all runs into one ambiguous gradient.",Accepted historical decision,Aggregate activity and a single flight's outcome tell different stories.,The historical system assumed Foundry/Flight/CIC or multi-room coordination. Those mechanisms are not prerequisites for the current portable base.,The live base excludes required Foundry orchestration. Historical extension records remain evidence in their original domain; existence of ancillary code does not make a base feature. No retired runtime was exercised.,BLUEPRINT.md; workbench/docs/adr/0015-workbench-base-and-foundry-capabilities.md; workbench/docs/adr/0026-workbench-is-the-sole-source-and-foundry-extends-it.md,-,Flight Rack visual data model.,"The smallest useful current treatment is the named target. This is a review recommendation, not newly accepted architecture.",ADR-0015/0026 already establish the base boundary. Preserve all historical records and corrections here; do not create an upstream archive Design Concept merely to park abandoned mechanisms.,OUT OF SCOPE,Historical packet; original extension owner,High,False,Accepted historical decision (historical source status),D-LIGHT; D-CIC,evidence/d-light.md; evidence/d-cic.md,MERGE WITH CAND-R,CAND-R
R148,Accessibility is part of operational telemetry,Extension architecture (Foundry/CIC/Audit),"Use labels, timestamps and static brightness alongside color and motion so state remains interpretable under reduced motion and in a still image.",Accepted historical decision,A moving or colored light alone cannot reliably communicate liveness or risk.,The historical system assumed Foundry/Flight/CIC or multi-room coordination. Those mechanisms are not prerequisites for the current portable base.,The live base excludes required Foundry orchestration. Historical extension records remain evidence in their original domain; existence of ancillary code does not make a base feature. No retired runtime was exercised.,BLUEPRINT.md; workbench/docs/adr/0015-workbench-base-and-foundry-capabilities.md; workbench/docs/adr/0026-workbench-is-the-sole-source-and-foundry-extends-it.md,-,Accessibility in telemetry; retain for any future interface.,"The smallest useful current treatment is the named target. This is a review recommendation, not newly accepted architecture.",ADR-0015/0026 already establish the base boundary. Preserve all historical records and corrections here; do not create an upstream archive Design Concept merely to park abandoned mechanisms.,OUT OF SCOPE,Historical packet; original extension owner,High,False,Accepted historical decision (historical source status),H-FR; D-LIGHT,evidence/h-fr.md; evidence/d-light.md,MERGE WITH CAND-R,CAND-R
R149,Owner-visible acceptance goes beyond server health,Extension architecture (Foundry/CIC/Audit),Verify exact installed/runtime provenance and then exercise the authenticated desktop/mobile interface. A listening service or successful health response is not proof the owner's workflow works.,Accepted,The record showed HTTP success while the owner reported the application unusable.,The historical system assumed Foundry/Flight/CIC or multi-room coordination. Those mechanisms are not prerequisites for the current portable base.,The live base excludes required Foundry orchestration. Historical extension records remain evidence in their original domain; existence of ancillary code does not make a base feature. No retired runtime was exercised.,BLUEPRINT.md; workbench/docs/adr/0015-workbench-base-and-foundry-capabilities.md; workbench/docs/adr/0026-workbench-is-the-sole-source-and-foundry-extends-it.md,-,Owner-visible acceptance beyond server health is the outcome-acceptance rule CAND-C states.,"The smallest useful current treatment is the named target. This is a review recommendation, not newly accepted architecture.","Keep actual owner-workflow acceptance. Authenticated mobile/desktop interface requirements apply to products with those interfaces, not every command-line Workbench.",MERGE WITH ADR-PROPOSED-C,CAND-C,Medium,False,Accepted (historical source status),D-CIC,evidence/d-cic.md,MERGE WITH CAND-C,CAND-C
R150,Python is the owner's stated preferred runtime language,Open owner choices,The owner said they wanted Python and had not corrected the JavaScript/Node implementation. The conversation asked whether migration was worthwhile; it did not authorize a rewrite.,Strong preference; unresolved migration,An agent-chosen implementation language had become architecture without the owner's intended preference being resolved.,Historical mechanism and source scope must still apply; current coverage is not proof of complete runtime behavior.,Node runs the portable commands; provider fixtures do not prove host enforcement. S-036 explicitly says its native write never reached a permission decision. Direct owner replies settle language and provider direction; implementation scope remains bounded.,RUNBOOK.md; workbench/manifest.json; tools/test-portability-matrix.mjs; tools/test-cross-provider-fixture.mjs; workbench/specs/S-036-v3-1-2-evidence-corrections/SPEC.md,-,"RESOLVED 2026-09-07: runtime stays Node. Basis is format fit - JSON is JavaScript's native object syntax, parsed as first-class values with no conversion step, serving ADR-0040/S-046. Verified: 61 .mjs tools; Python is exactly the evals lane plus the tools/check-append-only.py pair.","The smallest useful current treatment is the named target. This is a review recommendation, not newly accepted architecture.",Node is explicitly selected. Both JSON.parse and Python json.loads deserialize text into language values. Preserve the owner rationale as history but mark the claimed structural disadvantage unsupported; do not silently replace or reverse the decision.,KEEP - ADR,CAND-O,High,False,OWNER DECIDED; promotion/implementation pending,G-6a9b8e27,evidence/g-6a9b8e27.md,RESOLVED,ADR (CAND-O)
R151,Native provider adapters and hard hooks need an explicit choice,Open owner choices,"The owner wants reliable behavior across provider products and liked a middle ground between prose-only rules and rebuilding everything. Particular hook, metadata and adapter schemas were proposals.",Strong direction; mechanism open,Identical instructions do not imply identical host capabilities or enforcement.,Historical mechanism and source scope must still apply; current coverage is not proof of complete runtime behavior.,Node runs the portable commands; provider fixtures do not prove host enforcement. S-036 explicitly says its native write never reached a permission decision. Direct owner replies settle language and provider direction; implementation scope remains bounded.,RUNBOOK.md; workbench/manifest.json; tools/test-portability-matrix.mjs; tools/test-cross-provider-fixture.mjs; workbench/specs/S-036-v3-1-2-evidence-corrections/SPEC.md,WB-0005,"RESOLVED 2026-09-07: a small minimum capability contract verified in the actual configured environment, with operational capability, machine enforcement and agent instruction-following kept as separate evidence classes. Provider-native adapters stay outside the core commitment; unavailable or inconclusive checks stay unverified.","The smallest useful current treatment is the named target. This is a review recommendation, not newly accepted architecture.",Direct owner answer settles A with qualifications. Minimum capabilities must be agreed before choosing schema/blockers/tests; this report invents none. Existing native eval runners/discovery adapters are distinct from new enforcement-hook adapters.,KEEP - ADR,CAND-P,High,False,OWNER DECIDED; promotion/implementation pending,G-6a9b6f4f; G-6a646af5,evidence/g-6a9b6f4f.md; evidence/g-6a646af5.md,RESOLVED,ADR (CAND-P)
R152,"Parallel specialist ensembles were explored, not made universal",Open owner choices,"The owner proposed a user-facing executive with constructive, critical and engineering specialists and cheaper reviewers to improve quality and cost.",Strong suggestion,Different perspectives may catch weaknesses while protecting expensive context.,Historical mechanism and source scope must still apply; current coverage is not proof of complete runtime behavior.,Node runs the portable commands; provider fixtures do not prove host enforcement. S-036 explicitly says its native write never reached a permission decision. Direct owner replies settle language and provider direction; implementation scope remains bounded.,RUNBOOK.md; workbench/manifest.json; tools/test-portability-matrix.mjs; tools/test-cross-provider-fixture.mjs; workbench/specs/S-036-v3-1-2-evidence-corrections/SPEC.md,-,ADR-0036's four stances deliberately replace agent departments; AGENTS states loading a stance never spawns an agent.,"The smallest useful current treatment is the named target. This is a review recommendation, not newly accepted architecture.","An optional specialist ensemble was a suggestion, not a universal obligation. Stances do not supersede the possibility of multi-agent teams; do not call the idea rejected or accepted.",OUT OF SCOPE,Optional coordination proposal; historical packet,Medium,False,Strong suggestion (historical source status),G-6a3cc6be,evidence/g-6a3cc6be.md,SUPERSEDED,ADR-0036
R153,Track total delegated token/cost burden,Open owner choices,"Evaluate the cost of the whole worker tree, not just the parent context or a single agent's token count.",Strong preference,Fan-out hides orchestration overhead and can make apparent context savings expensive.,Historical mechanism and source scope must still apply; current coverage is not proof of complete runtime behavior.,Node runs the portable commands; provider fixtures do not prove host enforcement. S-036 explicitly says its native write never reached a permission decision. Direct owner replies settle language and provider direction; implementation scope remains bounded.,RUNBOOK.md; workbench/manifest.json; tools/test-portability-matrix.mjs; tools/test-cross-provider-fixture.mjs; workbench/specs/S-036-v3-1-2-evidence-corrections/SPEC.md,-,No delegated-cost measurement exists; no cap was ever settled.,"The smallest useful current treatment is the named target. This is a review recommendation, not newly accepted architecture.","Retain the prior disposition, bounded by the original proposition and current evidence. No delegated-cost measurement exists; no cap was ever settled.",KEEP - DOC,evals / outcomes README,Medium,False,Strong preference (historical source status),C-019f71ab-L169; G-6a3d8dd4,evidence/c-019f71ab-l169.md; evidence/g-6a3d8dd4.md,KEEP - DOC,evals / outcomes README
R154,Review stale projects before archiving,Open owner choices,"After prolonged inactivity, inspect save state, remotes and worktrees and present readiness for archive to the owner rather than silently archiving.",Strong suggestion,The owner wanted portfolio hygiene without losing unfinished work.,Historical mechanism and source scope must still apply; current coverage is not proof of complete runtime behavior.,Node runs the portable commands; provider fixtures do not prove host enforcement. S-036 explicitly says its native write never reached a permission decision. Direct owner replies settle language and provider direction; implementation scope remains bounded.,RUNBOOK.md; workbench/manifest.json; tools/test-portability-matrix.mjs; tools/test-cross-provider-fixture.mjs; workbench/specs/S-036-v3-1-2-evidence-corrections/SPEC.md,-,Portfolio hygiene is not a single-room concern; the two-week threshold was conversational.,"The smallest useful current treatment is the named target. This is a review recommendation, not newly accepted architecture.","Retain the prior disposition, bounded by the original proposition and current evidence. Portfolio hygiene is not a single-room concern; the two-week threshold was conversational.",OUT OF SCOPE,Coordinator/extension,High,False,Strong suggestion (historical source status),C-019f68fd-L65,evidence/c-019f68fd-l65.md,OUT OF SCOPE,Coordinator/extension
R155,Governance policy as data with a derived matrix,Open owner choices,"Keep one policy owner and derive explanatory views; extend the existing clearance policy where relevant. The full matrix, missing-entry behavior and global catalog semantics were not all settled.",Accepted historical direction; details open,Duplicate tables and prose-only enforcement would create contradictory policy sources.,Historical mechanism and source scope must still apply; current coverage is not proof of complete runtime behavior.,Node runs the portable commands; provider fixtures do not prove host enforcement. S-036 explicitly says its native write never reached a permission decision. Direct owner replies settle language and provider direction; implementation scope remains bounded.,RUNBOOK.md; workbench/manifest.json; tools/test-portability-matrix.mjs; tools/test-cross-provider-fixture.mjs; workbench/specs/S-036-v3-1-2-evidence-corrections/SPEC.md,GO-0004 GO-0006,GO-0004/GO-0006 clearance policy; no upstream consumer.,"The smallest useful current treatment is the named target. This is a review recommendation, not newly accepted architecture.","Retain the prior disposition, bounded by the original proposition and current evidence. GO-0004/GO-0006 clearance policy; no upstream consumer.",OUT OF SCOPE,GPT_OS,High,False,Accepted historical direction; details open (historical source status),GO-0004; GO-0006; D-GP,evidence/go-0004.md; evidence/go-0006.md; evidence/d-gp.md,OUT OF SCOPE,GPT_OS
R156,Governance verbs name operations; the complete verb catalog remained open,Open owner choices,"Operation names should identify what is done and its context, without pretending every verb is an automatic plane transition. Several proposed verbs and CRUD policy details remained open.",Accepted in part,Naming a verb risked silently granting behavior or inventing transition machinery.,Historical mechanism and source scope must still apply; current coverage is not proof of complete runtime behavior.,Node runs the portable commands; provider fixtures do not prove host enforcement. S-036 explicitly says its native write never reached a permission decision. Direct owner replies settle language and provider direction; implementation scope remains bounded.,RUNBOOK.md; workbench/manifest.json; tools/test-portability-matrix.mjs; tools/test-cross-provider-fixture.mjs; workbench/specs/S-036-v3-1-2-evidence-corrections/SPEC.md,GO-0007,GO-0007 verb catalog left open downstream.,"The smallest useful current treatment is the named target. This is a review recommendation, not newly accepted architecture.","Retain the prior disposition, bounded by the original proposition and current evidence. GO-0007 verb catalog left open downstream.",OUT OF SCOPE,GPT_OS,High,False,Accepted in part (historical source status),GO-0007; D-GP; D-V3,evidence/go-0007.md; evidence/d-gp.md; evidence/d-v3.md,OUT OF SCOPE,GPT_OS
R157,Job Orders link their sources and bound authority by intersection,Open owner choices,An in-force order links authority/evidence owners and lists its operations; its authority is bounded by its actual sources. The global-versus-per-order operation catalog was left open.,Accepted historical decision,Copied rules drift and a task packet cannot authorize a future mechanism merely by naming it.,Historical mechanism and source scope must still apply; current coverage is not proof of complete runtime behavior.,Node runs the portable commands; provider fixtures do not prove host enforcement. S-036 explicitly says its native write never reached a permission decision. Direct owner replies settle language and provider direction; implementation scope remains bounded.,RUNBOOK.md; workbench/manifest.json; tools/test-portability-matrix.mjs; tools/test-cross-provider-fixture.mjs; workbench/specs/S-036-v3-1-2-evidence-corrections/SPEC.md,GO-0009 GO-0010 GO-0011 GO-0012,GO-0021 already removed the ordinary-work requirement; upstream ADR-0015 keeps it out of the base.,"The smallest useful current treatment is the named target. This is a review recommendation, not newly accepted architecture.","Retain the prior disposition, bounded by the original proposition and current evidence. GO-0021 already removed the ordinary-work requirement; upstream ADR-0015 keeps it out of the base.",OUT OF SCOPE,GPT_OS,High,False,Accepted historical decision (historical source status),GO-0009; GO-0011; GO-0012; D-GP,evidence/go-0009.md; evidence/go-0011.md; evidence/go-0012.md; evidence/d-gp.md,OUT OF SCOPE,GPT_OS
R158,"Do not import unresolved Flightbook, Issues or sandbox choices",Open owner choices,"Flightbook assembly details, GitHub Issues adapters, some sandbox integration choices and automatic repair routing retained open or deferred status in their own records.",Open / deferred,Assistant recommendations and temporary bootstrap proposals were repeatedly mistaken for locked architecture.,Historical mechanism and source scope must still apply; current coverage is not proof of complete runtime behavior.,Node runs the portable commands; provider fixtures do not prove host enforcement. S-036 explicitly says its native write never reached a permission decision. Direct owner replies settle language and provider direction; implementation scope remains bounded.,RUNBOOK.md; workbench/manifest.json; tools/test-portability-matrix.mjs; tools/test-cross-provider-fixture.mjs; workbench/specs/S-036-v3-1-2-evidence-corrections/SPEC.md,-,Explicitly unresolved in their own records; importing them would manufacture decisions.,"The smallest useful current treatment is the named target. This is a review recommendation, not newly accepted architecture.","Retain the prior disposition, bounded by the original proposition and current evidence. Explicitly unresolved in their own records; importing them would manufacture decisions.",OUT OF SCOPE,GPT_OS / Foundry,High,False,Open / deferred (historical source status),D-AC; H-SC; H-FR,evidence/d-ac.md; evidence/h-sc.md; evidence/h-fr.md,OUT OF SCOPE,GPT_OS / Foundry
R159,Retired producer topology and permanent role cages are history,Open owner choices,"Earlier GPT_OS/Forge-as-sole-producer, fixed host/model seats, mandatory department roles and universal lifecycle requirements were later narrowed or replaced.",Superseded,Blindly collecting old decisions as simultaneous current requirements would recreate the contradictions the owner corrected.,Historical mechanism and source scope must still apply; current coverage is not proof of complete runtime behavior.,Node runs the portable commands; provider fixtures do not prove host enforcement. S-036 explicitly says its native write never reached a permission decision. Direct owner replies settle language and provider direction; implementation scope remains bounded.,RUNBOOK.md; workbench/manifest.json; tools/test-portability-matrix.mjs; tools/test-cross-provider-fixture.mjs; workbench/specs/S-036-v3-1-2-evidence-corrections/SPEC.md,WB-0026 WB-0036,Retained as dated lineage inside CAND-R; never revived as binding.,"The smallest useful current treatment is the named target. This is a review recommendation, not newly accepted architecture.","Retain the prior disposition, bounded by the original proposition and current evidence. Retained as dated lineage inside CAND-R; never revived as binding.",SUPERSEDED,"ADR-0026, ADR-0036",High,False,Superseded (historical source status),D-PRODUCER; H-FR; WB-0026; WB-0036,evidence/d-producer.md; evidence/h-fr.md; evidence/wb-0026.md; evidence/wb-0036.md,SUPERSEDED,"ADR-0026, ADR-0036"
R160,"Plane passage is selective, not a universal six-stop workflow",Authority & governance planes,"Work may visit only the governance roles relevant to the operation, branch into related records, or change the role a claim plays. It need not traverse every plane before it can proceed.",Accepted,The owner explicitly rejected converting a model for reasoning about work into a mandatory linear workflow.,Historical mechanism and source scope must still apply; current coverage is not proof of complete runtime behavior.,"Current controls separate authority and state resolution; ADRs own rationale and cannot enlarge scope. This is verified prose, not proof every agent obeys.",AGENTS.md; LEXICON.md; workbench/docs/adr/0027-instruction-authority-is-separate-from-state-resolution.md; workbench/docs/adr/0023-mechanical-guarantees-and-agent-obligations.md,WB-0001 WB-0025,"AGENTS: planes classify 'claims and their use in one operation, never whole files'. No six-stop workflow exists.",The historical concern has a current owner; no extra artifact follows merely from an ADR gap.,"Retain the prior disposition, bounded by the original proposition and current evidence. AGENTS: planes classify 'claims and their use in one operation, never whole files'. No six-stop workflow exists.",ALREADY COVERED,"ADR-0001, ADR-0025",High,False,Accepted (historical source status),D-GP,evidence/d-gp.md,ALREADY COVERED,"ADR-0001, ADR-0025"
R161,Resolve contradictions openly before rewriting the owning claim,Authority & governance planes,A correction must adjudicate conflicting accepted statements using the owner's ruling and verified context; relocating or summarizing the text does not settle a disagreement.,Accepted,A document move or tidy synthesis can erase the decision that actually needed resolution.,Historical mechanism and source scope must still apply; current coverage is not proof of complete runtime behavior.,"Current controls separate authority and state resolution; ADRs own rationale and cannot enlarge scope. This is verified prose, not proof every agent obeys.",AGENTS.md; LEXICON.md; workbench/docs/adr/0027-instruction-authority-is-separate-from-state-resolution.md; workbench/docs/adr/0023-mechanical-guarantees-and-agent-obligations.md,WB-0027,AGENTS State Resolution: 'name the condition instead of picking a winner'.,The historical concern has a current owner; no extra artifact follows merely from an ADR gap.,"Retain the prior disposition, bounded by the original proposition and current evidence. AGENTS State Resolution: 'name the condition instead of picking a winner'.",ALREADY COVERED,ADR-0027,High,False,Accepted (historical source status),D-GP; D-CANON,evidence/d-gp.md; evidence/d-canon.md,ALREADY COVERED,ADR-0027
R162,Promote is a decision-only operation; save is agnostic,Skill composition & bundle,"The owner selected a separate owner-fired promote entrypoint that promotes only locked decisions, records where they landed and calls save. Save does not know about grilling or end it; the chosen promote exit behavior and related skill changes were deferred.",Accepted direction; skill alignment deferred,"Make-it-so, grilling, checkpoint and save were mutually coupled, so saving could unexpectedly end the interview or begin a build.","Source ownership, installed state and host discovery are different. F selects one global core release; old duplicate personal sources and equality-only version diagnostics are migration concerns.","17 source core skills are declared; promote/save are absent. Installer tests passed 12/12, including Git-owned and symlinked roots. README/Runbook refusal prose is stale; explicit replacement remains a separate path. No new compatibility-range implementation was verified.",skills/README.md; workbench/manifest.json; tools/core-skill-installer.mjs; tools/skill-presence.mjs; tools/test-core-skill-installer.mjs,-,"RESOLVED 2026-09-07: promote and save become Workbench core dependencies, reconciled rather than copied. The GP-22/23/62 contract survives; its Foundry, Job Order and Markdown-notepad assumptions do not.","The smallest useful current treatment is the named target. This is a review recommendation, not newly accepted architecture.","Separate owner-fired decision promotion from caller-agnostic save. Adding skills to core is selected; copying legacy Foundry paths, Markdown locks or Job Order dependencies is not.",MERGE WITH ADR-PROPOSED-F,CAND-F; CAND-E; CAND-Q,High,False,OWNER DECIDED; promotion/implementation pending,D-GP,evidence/d-gp.md,RESOLVED,ADR (CAND-F)
R163,"Use repeatable process, not identical generated wording",Skill composition & bundle,"Skill and workflow reliability means equivalent inputs follow a predictable process and produce the same result class, while preserving task-specific outputs and identities.",Strong preference,Demanding identical prose misses the useful form of determinism in agent work.,"Source ownership, installed state and host discovery are different. F selects one global core release; old duplicate personal sources and equality-only version diagnostics are migration concerns.","17 source core skills are declared; promote/save are absent. Installer tests passed 12/12, including Git-owned and symlinked roots. README/Runbook refusal prose is stale; explicit replacement remains a separate path. No new compatibility-range implementation was verified.",skills/README.md; workbench/manifest.json; tools/core-skill-installer.mjs; tools/skill-presence.mjs; tools/test-core-skill-installer.mjs,-,Useful evaluation distinction; nothing upstream states it.,"The smallest useful current treatment is the named target. This is a review recommendation, not newly accepted architecture.","Retain the prior disposition, bounded by the original proposition and current evidence. Useful evaluation distinction; nothing upstream states it.",KEEP - DOC,skills/README.md,MediumHigh,False,Strong preference (historical source status),G-6a646af5; D-CIC,evidence/g-6a646af5.md; evidence/d-cic.md,KEEP - DOC,skills/README.md
R164,Operational knowledge is part of docs maintenance,"Records, ownership & navigation","When the owner asks to update the docs, relevant durable project understanding belongs in the Wiki as well as the touched controls/specs, without copying task state everywhere.",Accepted,Agents treated documentation as control-file edits and left the project's accumulated understanding behind.,Historical mechanism and source scope must still apply; current coverage is not proof of complete runtime behavior.,Owners and traversal routes exist. ADR-0041 explicitly defers identifier implementation and connection identity; a declaration is not delivered migration.,AGENTS.md; LEXICON.md; workbench/wiki/SCHEMA.md; workbench/docs/adr/0042-traverse-dont-search-is-core-workbench-navigation.md; workbench/docs/adr/0041-visible-base62-workbench-identifiers.md,WB-0018 WB-0035,The ownership table routes durable knowledge to workbench/wiki/ with 'never copied task state'.,The historical concern has a current owner; no extra artifact follows merely from an ADR gap.,"Retain the prior disposition, bounded by the original proposition and current evidence. The ownership table routes durable knowledge to workbench/wiki/ with 'never copied task state'.",ALREADY COVERED,AGENTS.md docs table,High,False,Accepted (historical source status),C-7f7acc51-L110; C-01a021fc-L321,evidence/c-7f7acc51-l110.md; evidence/c-01a021fc-l321.md,ALREADY COVERED,AGENTS.md docs table
R165,"An Example Workbench is a conformance reference, not unexplained imitation","Evidence, review & evaluation",Use a pinned example and matching template revision when reviewing adopted rooms; preserve evidence-backed project differences and report unexplained deviations.,Accepted,Comparisons without a known reference confused template defects with deliberate project adaptations.,Historical mechanism and source scope must still apply; current coverage is not proof of complete runtime behavior.,Report format already requires evidence limitations and report-scoped IDs/shared recurrence keys. It does not separately name evaluated and reporting models. Outcome docs require controlled repeated comparisons; no new agent-outcome trial was run.,AGENTS.md; workbench/feedback/REPORT_FORMAT.md; evals/README.md; outcomes/README.md; tools/test-cross-provider-fixture.mjs,-,Example_Workbench verified present; Audit S-009 does v3.1.2 conformance. The reference/deviation semantics have no upstream owner.,"The smallest useful current treatment is the named target. This is a review recommendation, not newly accepted architecture.","Example checkout is a clean v3.1.2 reference at 4f1dd4c, while this tree is v3.1.3. Compare matched generations; do not report this version difference as a defect or presume byte identity.",MERGE WITH ADR-PROPOSED-K,CAND-K,MediumHigh,False,Accepted (historical source status),A-BLUEPRINT,evidence/a-blueprint.md,MERGE WITH CAND-K,CAND-K
R166,Declared support needs a real consumer and fresh-clone proof,"Adoption, upgrade & installed integrity",A feature must be discoverable and usable by a fresh agent from its supported installation; source files and fixture tests alone do not establish installed capability.,Accepted,Skills and lifecycle functions repeatedly had no working non-test caller or installed discovery route.,"Source release, installed generation, runtime and target containment require separate evidence; unavailable state must not be filled by inference.",Setup tools and distinct source/installed receipts exist. Adoption and upgrade recovery still use collections.checkpoints. Fidelity tests passed 15/15; this report does not certify a new upgrade or deployment.,RUNBOOK.md; tools/workbench-adoption.mjs; tools/workbench-upgrade.mjs; workbench/docs/adr/0031-runtime-tools-are-workbench-managed-in-the-tools-lane.md; workbench/specs/S-041-recorded-baseline-availability/SPEC.md; tools/control-fidelity.mjs,WB-0031 WB-0038,ADR-0038 requires fresh-agent setup proof; the general 'declared support needs a real consumer' rule is unstated.,"The smallest useful current treatment is the named target. This is a review recommendation, not newly accepted architecture.","Each evidence claim names the state it proves. Historical adoption provenance cannot stand in for current tools, skills, runtime or downstream acceptance.",MERGE WITH ADR-PROPOSED-H,CAND-H,High,False,Accepted (historical source status),D-CIC; B-BOUNDARIES,evidence/d-cic.md; evidence/b-boundaries.md,MERGE WITH CAND-H,CAND-H
R167,A connected Foundry can span multiple factories and one shared service layer,Extension architecture (Foundry/CIC/Audit),"The owner confirmed one Foundry with multiple host factories and shared CIC, recall and messaging backends, rather than a fixed host/model seat roster.",Accepted historical direction,Multi-machine continuity and monitoring should not duplicate the whole service identity on every model switch.,The historical system assumed Foundry/Flight/CIC or multi-room coordination. Those mechanisms are not prerequisites for the current portable base.,The live base excludes required Foundry orchestration. Historical extension records remain evidence in their original domain; existence of ancillary code does not make a base feature. No retired runtime was exercised.,BLUEPRINT.md; workbench/docs/adr/0015-workbench-base-and-foundry-capabilities.md; workbench/docs/adr/0026-workbench-is-the-sole-source-and-foundry-extends-it.md,-,Connected-Foundry ruling; extension topology.,"The smallest useful current treatment is the named target. This is a review recommendation, not newly accepted architecture.",ADR-0015/0026 already establish the base boundary. Preserve all historical records and corrections here; do not create an upstream archive Design Concept merely to park abandoned mechanisms.,OUT OF SCOPE,Historical packet; original extension owner,High,False,Accepted historical direction (historical source status),C-01a021fc-L232,evidence/c-01a021fc-l232.md,MERGE WITH CAND-R,CAND-R
R168,Owner interfaces should show the next actionable issue and its evidence,Extension architecture (Foundry/CIC/Audit),"Show progress, regressions, blockers, freshness and source drill-down so the owner can decide what needs attention without reading a report archive.",Accepted,The owner wanted an operational understanding of the system rather than long Markdown summaries as the default UI.,The historical system assumed Foundry/Flight/CIC or multi-room coordination. Those mechanisms are not prerequisites for the current portable base.,The live base excludes required Foundry orchestration. Historical extension records remain evidence in their original domain; existence of ancillary code does not make a base feature. No retired runtime was exercised.,BLUEPRINT.md; workbench/docs/adr/0015-workbench-base-and-foundry-capabilities.md; workbench/docs/adr/0026-workbench-is-the-sole-source-and-foundry-extends-it.md,-,Audit_Workbench S-003 decision-first-website owns the owner-facing surface.,"The smallest useful current treatment is the named target. This is a review recommendation, not newly accepted architecture.","Retain the prior disposition, bounded by the original proposition and current evidence. Audit_Workbench S-003 decision-first-website owns the owner-facing surface.",OUT OF SCOPE,Audit_Workbench,High,False,Accepted (historical source status),G-6a9b96e1; A-BLUEPRINT; D-REACTIVATE,evidence/g-6a9b96e1.md; evidence/a-blueprint.md; evidence/d-reactivate.md,OUT OF SCOPE,Audit_Workbench
R169,Unavailable baseline is a third state with evidence,"Adoption, upgrade & installed integrity","The owner selected record-and-proceed for a harness-only migration whose unrelated baseline is unavailable, using the declared reasons and evidence. A failing baseline remains failing; unavailable cannot relabel red as green.",Accepted,Host restrictions or pre-existing product conditions otherwise made rooms permanently unmigratable for problems the harness change could not fix.,"Source release, installed generation, runtime and target containment require separate evidence; unavailable state must not be filled by inference.",Setup tools and distinct source/installed receipts exist. Adoption and upgrade recovery still use collections.checkpoints. Fidelity tests passed 15/15; this report does not certify a new upgrade or deployment.,RUNBOOK.md; tools/workbench-adoption.mjs; tools/workbench-upgrade.mjs; workbench/docs/adr/0031-runtime-tools-are-workbench-managed-in-the-tools-lane.md; workbench/specs/S-041-recorded-baseline-availability/SPEC.md; tools/control-fidelity.mjs,-,S-041 is complete and records an explicit owner choice (record-and-proceed) with no ADR carrying it.,"The smallest useful current treatment is the named target. This is a review recommendation, not newly accepted architecture.",Record-and-proceed is an explicit alternative selected in S-041. Retain the closed reason vocabulary and independent review; red is not reclassified as unavailable.,KEEP - ADR,CAND-J,High,False,Accepted (historical source status),S-041,evidence/s-041.md,KEEP - ADR,CAND-J
R170,Template customization must preserve fixed control wording,"Adoption, upgrade & installed integrity","A placeholder fill preserves the surrounding rule. Changed or dropped authority, privacy and verification wording must be exposed and restored or explicitly recorded as a decision.",Accepted,A Forbidden-to-Allowed reversal was misreported as an expected placeholder fill.,"Source release, installed generation, runtime and target containment require separate evidence; unavailable state must not be filled by inference.",Setup tools and distinct source/installed receipts exist. Adoption and upgrade recovery still use collections.checkpoints. Fidelity tests passed 15/15; this report does not certify a new upgrade or deployment.,RUNBOOK.md; tools/workbench-adoption.mjs; tools/workbench-upgrade.mjs; workbench/docs/adr/0031-runtime-tools-are-workbench-managed-in-the-tools-lane.md; workbench/specs/S-041-recorded-baseline-availability/SPEC.md; tools/control-fidelity.mjs,-,S-034 produces the fidelity report; the Forbidden-to-Allowed reversal is the motivating failure.,"The smallest useful current treatment is the named target. This is a review recommendation, not newly accepted architecture.","Preserve fixed wording when filling placeholders and expose changed/dropped rules. Divergence remains legitimate when deliberately decided; fidelity stays a report, not a universal blocker.",MERGE WITH ADR-PROPOSED-K,CAND-K,High,False,Accepted (historical source status),S-034; S-036,evidence/s-034.md; evidence/s-036.md,MERGE WITH CAND-K,CAND-K
R171,Installed skills carry their own generation and content identity,"Adoption, upgrade & installed integrity","Identify an installed skill by its source release, commit and content hash; an unmarked copy has unknown provenance, not implicit identity with the current source.",Accepted,Feedback blamed a new release for stale installed skill text from an older generation.,"Source release, installed generation, runtime and target containment require separate evidence; unavailable state must not be filled by inference.",Setup tools and distinct source/installed receipts exist. Adoption and upgrade recovery still use collections.checkpoints. Fidelity tests passed 15/15; this report does not certify a new upgrade or deployment.,RUNBOOK.md; tools/workbench-adoption.mjs; tools/workbench-upgrade.mjs; workbench/docs/adr/0031-runtime-tools-are-workbench-managed-in-the-tools-lane.md; workbench/specs/S-041-recorded-baseline-availability/SPEC.md; tools/control-fidelity.mjs,-,S-031 installed-skill-generation complete; doctor emits 33 skill-generation-unknown findings right now on this very room.,"The smallest useful current treatment is the named target. This is a review recommendation, not newly accepted architecture.","Doctor reports 32 unknown-generation entries across aliased roots, plus one provenance finding, not 33 unknown skills. F changes equality-based version expectation to a declared supported compatibility range.",MERGE WITH ADR-PROPOSED-H,CAND-H; CAND-F,High,False,OWNER DECIDED; promotion/implementation pending,S-031; S-036,evidence/s-031.md; evidence/s-036.md,MERGE WITH CAND-H,CAND-H
R172,Historical adoption provenance is distinct from current component provenance,"Adoption, upgrade & installed integrity",Keep the room's original adoption source historical while receipts and markers identify the current installed tools and skills. Reject unknown or contradictory source identity before mutation.,Accepted,Rewriting history to the latest release made it impossible to tell what was adopted and what was subsequently updated.,"Source release, installed generation, runtime and target containment require separate evidence; unavailable state must not be filled by inference.",Setup tools and distinct source/installed receipts exist. Adoption and upgrade recovery still use collections.checkpoints. Fidelity tests passed 15/15; this report does not certify a new upgrade or deployment.,RUNBOOK.md; tools/workbench-adoption.mjs; tools/workbench-upgrade.mjs; workbench/docs/adr/0031-runtime-tools-are-workbench-managed-in-the-tools-lane.md; workbench/specs/S-041-recorded-baseline-availability/SPEC.md; tools/control-fidelity.mjs,-,"VERIFIED live: manifest provenance.source.release v3.1.0 vs workbenchVersion v3.1.3 is reported as unverified-provenance, exactly the distinction this states.","The smallest useful current treatment is the named target. This is a review recommendation, not newly accepted architecture.",The v3.1.0 adoption source and v3.1.3 candidate are distinct provenance layers. The finding is visible; their difference alone does not establish a broken install.,MERGE WITH ADR-PROPOSED-H,CAND-H,High,False,Accepted (historical source status),S-032; S-036,evidence/s-032.md; evidence/s-036.md,MERGE WITH CAND-H,CAND-H
R173,Verify runtime integrity from inside the installed room,"Adoption, upgrade & installed integrity","An installed room can compare its managed runtime with its receipt using local installed capabilities, distinguishing authentic runtime with stale receipt, modified runtime and unavailable source comparison.",Accepted,Verification depended on a neighboring source checkout and different defects were collapsed into one drift message.,"Source release, installed generation, runtime and target containment require separate evidence; unavailable state must not be filled by inference.",Setup tools and distinct source/installed receipts exist. Adoption and upgrade recovery still use collections.checkpoints. Fidelity tests passed 15/15; this report does not certify a new upgrade or deployment.,RUNBOOK.md; tools/workbench-adoption.mjs; tools/workbench-upgrade.mjs; workbench/docs/adr/0031-runtime-tools-are-workbench-managed-in-the-tools-lane.md; workbench/specs/S-041-recorded-baseline-availability/SPEC.md; tools/control-fidelity.mjs,-,S-039 installed-runtime-integrity complete.,"The smallest useful current treatment is the named target. This is a review recommendation, not newly accepted architecture.","Each evidence claim names the state it proves. Historical adoption provenance cannot stand in for current tools, skills, runtime or downstream acceptance.",MERGE WITH ADR-PROPOSED-H,CAND-H,High,False,Accepted (historical source status),S-039,evidence/s-039.md,MERGE WITH CAND-H,CAND-H
R174,Presence-only migration must not acquire replacement effects,"Adoption, upgrade & installed integrity","A layout-only route may recognize an existing linked skill and skip it, but cannot install, mark, back up or replace it; explicit update alone may replace supported managed content.",Accepted,A harmless presence check inherited destructive-update restrictions and blocked legitimate migration.,"Source release, installed generation, runtime and target containment require separate evidence; unavailable state must not be filled by inference.",Setup tools and distinct source/installed receipts exist. Adoption and upgrade recovery still use collections.checkpoints. Fidelity tests passed 15/15; this report does not certify a new upgrade or deployment.,RUNBOOK.md; tools/workbench-adoption.mjs; tools/workbench-upgrade.mjs; workbench/docs/adr/0031-runtime-tools-are-workbench-managed-in-the-tools-lane.md; workbench/specs/S-041-recorded-baseline-availability/SPEC.md; tools/control-fidelity.mjs,-,S-045 TK-001 settled it in code: tools/skill-presence.mjs now holds the single presence judgment shared by the installer and both gates. The rationale has no ADR.,"The smallest useful current treatment is the named target. This is a review recommendation, not newly accepted architecture.",Different preconditions and allowed effects are a durable architectural choice. Link runtime ownership to ADR-0031; source validation is required for every consumed lane.,MERGE WITH ADR-PROPOSED-G,CAND-G,High,False,Accepted (historical source status),S-040; S-032,evidence/s-040.md; evidence/s-032.md,MERGE WITH CAND-G,CAND-G
R175,Repair installed state explicitly without reinstalling or rewriting content,"Adoption, upgrade & installed integrity","Track seeded document generations, provide explicit repair/normalization for owned metadata and preserve bodies; validation itself remains read-only.",Accepted,"Upstream fixes did not reach existing rooms, and read-only checks risked hiding mutations.","Source release, installed generation, runtime and target containment require separate evidence; unavailable state must not be filled by inference.",Setup tools and distinct source/installed receipts exist. Adoption and upgrade recovery still use collections.checkpoints. Fidelity tests passed 15/15; this report does not certify a new upgrade or deployment.,RUNBOOK.md; tools/workbench-adoption.mjs; tools/workbench-upgrade.mjs; workbench/docs/adr/0031-runtime-tools-are-workbench-managed-in-the-tools-lane.md; workbench/specs/S-041-recorded-baseline-availability/SPEC.md; tools/control-fidelity.mjs,-,S-042 installed-state-repair complete.,"The smallest useful current treatment is the named target. This is a review recommendation, not newly accepted architecture.",Different preconditions and allowed effects are a durable architectural choice. Link runtime ownership to ADR-0031; source validation is required for every consumed lane.,MERGE WITH ADR-PROPOSED-G,CAND-G,High,False,Accepted (historical source status),S-042,evidence/s-042.md,MERGE WITH CAND-G,CAND-G
R176,"Line endings are portable record syntax, not semantic state","Adoption, upgrade & installed integrity","LF, CRLF and CR frontmatter parse equivalently; reading/validation does not rewrite the file, and an editing operation preserves the room's terminator where specified.",Accepted,A Windows checkout made valid ADR and Wiki records fail on syntax that macOS fixtures never exercised.,"Source release, installed generation, runtime and target containment require separate evidence; unavailable state must not be filled by inference.",Setup tools and distinct source/installed receipts exist. Adoption and upgrade recovery still use collections.checkpoints. Fidelity tests passed 15/15; this report does not certify a new upgrade or deployment.,RUNBOOK.md; tools/workbench-adoption.mjs; tools/workbench-upgrade.mjs; workbench/docs/adr/0031-runtime-tools-are-workbench-managed-in-the-tools-lane.md; workbench/specs/S-041-recorded-baseline-availability/SPEC.md; tools/control-fidelity.mjs,-,S-037 complete with tests; the invariant binds every future record parser and has no ADR.,"The smallest useful current treatment is the named target. This is a review recommendation, not newly accepted architecture.",Line terminators and read-only parsing are a portable syntax contract adequately owned by docs and tests. No separate architectural alternative needs a new ADR.,KEEP - DOC,RUNBOOK.md; S-037,MediumHigh,False,Accepted (historical source status),S-037,evidence/s-037.md,KEEP - ADR,CAND-L
R177,"Diagnostics must communicate consequence, not just severity",Authority & governance planes,Make blocking findings visibly distinct from informational findings and retain the registered effects unchanged.,Accepted,A valid room looked failed when nonblocking information had the same prominence as a true stop.,Historical mechanism and source scope must still apply; current coverage is not proof of complete runtime behavior.,"Current controls separate authority and state resolution; ADRs own rationale and cannot enlarge scope. This is verified prose, not proof every agent obeys.",AGENTS.md; LEXICON.md; workbench/docs/adr/0027-instruction-authority-is-separate-from-state-resolution.md; workbench/docs/adr/0023-mechanical-guarantees-and-agent-obligations.md,WB-0029,VERIFIED: doctor prints 'informational (33) - reported only; nothing is blocked' and each line names its effect.,The historical concern has a current owner; no extra artifact follows merely from an ADR gap.,"Retain the prior disposition, bounded by the original proposition and current evidence. VERIFIED: doctor prints 'informational (33) - reported only; nothing is blocked' and each line names its effect.",ALREADY COVERED,"ADR-0029, S-043",High,False,Accepted (historical source status),S-043,evidence/s-043.md,ALREADY COVERED,"ADR-0029, S-043"
R178,Classify legacy rooms read-only and expose all setup gaps together,"Adoption, upgrade & installed integrity","Identify genesis, adoption, upgrade or unclassifiable from evidence without mutation; report all missing/unfilled controls and the reconcile-before-migrate order.",Accepted,First-error-only refusal produced repeated stops and encouraged copying templates over project-owned rules.,"Source release, installed generation, runtime and target containment require separate evidence; unavailable state must not be filled by inference.",Setup tools and distinct source/installed receipts exist. Adoption and upgrade recovery still use collections.checkpoints. Fidelity tests passed 15/15; this report does not certify a new upgrade or deployment.,RUNBOOK.md; tools/workbench-adoption.mjs; tools/workbench-upgrade.mjs; workbench/docs/adr/0031-runtime-tools-are-workbench-managed-in-the-tools-lane.md; workbench/specs/S-041-recorded-baseline-availability/SPEC.md; tools/control-fidelity.mjs,-,S-044 legacy-room-classification complete.,"The smallest useful current treatment is the named target. This is a review recommendation, not newly accepted architecture.",Different preconditions and allowed effects are a durable architectural choice. Link runtime ownership to ADR-0031; source validation is required for every consumed lane.,MERGE WITH ADR-PROPOSED-G,CAND-G,High,False,Accepted (historical source status),S-044,evidence/s-044.md,MERGE WITH CAND-G,CAND-G
R179,Open follow-ups must remain reachable outside completed specs,"Records, ownership & navigation",Unfinished findings need a reachable current owner with truthful blocked/ready state; a completed spec that ordinary entry skips cannot be their only home.,Accepted,Several acknowledged problems disappeared from the route arriving agents were instructed to follow.,Historical mechanism and source scope must still apply; current coverage is not proof of complete runtime behavior.,Owners and traversal routes exist. ADR-0041 explicitly defers identifier implementation and connection identity; a declaration is not delivered migration.,AGENTS.md; LEXICON.md; workbench/wiki/SCHEMA.md; workbench/docs/adr/0042-traverse-dont-search-is-core-workbench-navigation.md; workbench/docs/adr/0041-visible-base62-workbench-identifiers.md,WB-0035 WB-0042,"VERIFIED: S-045 was opened because seven follow-ups survived only as prose in completed specs, and is now complete - the invariant worked once given an owner, but nothing records it.","The smallest useful current treatment is the named target. This is a review recommendation, not newly accepted architecture.",Unfinished accepted obligations need a reachable owner. Repair that route without rewriting completed evidence or creating tasks for every report recommendation.,MERGE WITH ADR-0042,ADR-0042; existing assigned spec,High,False,Accepted (historical source status),S-045,evidence/s-045.md,KEEP - ADR,CAND-S
R180,"Tests should pin the intended invariant, not incidental global state","Evidence, review & evaluation","Verify relevant identities, relationships and actual behavior rather than freezing a global allocator counter or making the test repeat the implementation's mistaken assumptions.",Accepted,"An unrelated identity allocation broke a focused Canon test, and a permission test reinforced the same false model as the implementation.",Historical mechanism and source scope must still apply; current coverage is not proof of complete runtime behavior.,Report format already requires evidence limitations and report-scoped IDs/shared recurrence keys. It does not separately name evaluated and reporting models. Outcome docs require controlled repeated comparisons; no new agent-outcome trial was run.,AGENTS.md; workbench/feedback/REPORT_FORMAT.md; evals/README.md; outcomes/README.md; tools/test-cross-provider-fixture.mjs,-,"AGENTS mandates red/green TDD; the 'pin the invariant, not incidental global state' lesson has no owner.","The smallest useful current treatment is the named target. This is a review recommendation, not newly accepted architecture.","Preserve held-out comparisons, honest incompleteness and baseline integrity. This is a durable alternative to optimizing a structural self-score.",MERGE WITH ADR-PROPOSED-C,CAND-C,MediumHigh,False,Accepted (historical source status),D-CANON-TEST; S-036,evidence/d-canon-test.md; evidence/s-036.md,MERGE WITH CAND-C,CAND-C
R181,"Finish file-changing work with verified, recoverable, reviewable state",Delivery without governance tax,"The owner wanted agents to handle branch safety, verification, relevant documentation, commit, push and review preparation as part of finishing file-changing work, leaving the owner to approve the meaningful result.",Accepted historical direction; later scope narrowed,Repeated manual requests to save and prepare review meant the harness was not completing its own workflow.,Historical mechanism and source scope must still apply; current coverage is not proof of complete runtime behavior.,Doctor ran successfully with zero blockers and 33 informational findings. Registered blocking effects remain distinct from severity; delivery rules are normative.,AGENTS.md; workbench/tools/diagnostics.mjs; workbench/tools/spec-workbench.mjs,WB-0034 WB-0037,AGENTS Branch Completion carries the end-to-end expectation; ADR-0034/0037 narrow the early every-message formulation.,The historical concern has a current owner; no extra artifact follows merely from an ADR gap.,"Retain the prior disposition, bounded by the original proposition and current evidence. AGENTS Branch Completion carries the end-to-end expectation; ADR-0034/0037 narrow the early every-message formulation.",ALREADY COVERED,"AGENTS.md, ADR-0037",High,False,Accepted historical direction; later scope narrowed (historical source status),G-6a413ed4; G-6a50191e,evidence/g-6a413ed4.md; evidence/g-6a50191e.md,ALREADY COVERED,"AGENTS.md, ADR-0037"
